srclang,trglang,srcIndex,documentId,segmentId,judgeId,system1Number,system2Number,system1Id,system2Id,system1rank,system2rank
gug,gug,272,272,272,annotA,-1,-1,CAMB,NMT,4,2
gug,gug,272,272,272,annotA,-1,-1,CAMB,turk,4,1
gug,gug,272,272,272,annotA,-1,-1,CAMB,orig,4,5
gug,gug,272,272,272,annotA,-1,-1,CAMB,AMU,4,4
gug,gug,272,272,272,annotA,-1,-1,NMT,turk,2,1
gug,gug,272,272,272,annotA,-1,-1,NMT,orig,2,5
gug,gug,272,272,272,annotA,-1,-1,NMT,AMU,2,4
gug,gug,272,272,272,annotA,-1,-1,turk,orig,1,5
gug,gug,272,272,272,annotA,-1,-1,turk,AMU,1,4
gug,gug,272,272,272,annotA,-1,-1,orig,AMU,5,4
gug,gug,2377,2377,2377,annotA,-1,-1,turk,CAMB,1,5
gug,gug,2377,2377,2377,annotA,-1,-1,turk,NMT,1,4
gug,gug,2377,2377,2377,annotA,-1,-1,turk,AMU,1,4
gug,gug,2377,2377,2377,annotA,-1,-1,turk,orig,1,4
gug,gug,2377,2377,2377,annotA,-1,-1,CAMB,NMT,5,4
gug,gug,2377,2377,2377,annotA,-1,-1,CAMB,AMU,5,4
gug,gug,2377,2377,2377,annotA,-1,-1,CAMB,orig,5,4
gug,gug,2377,2377,2377,annotA,-1,-1,NMT,AMU,4,4
gug,gug,2377,2377,2377,annotA,-1,-1,NMT,orig,4,4
gug,gug,2377,2377,2377,annotA,-1,-1,AMU,orig,4,4
gug,gug,749,749,749,annotA,-1,-1,NMT,AMU,5,3
gug,gug,749,749,749,annotA,-1,-1,NMT,turk,5,1
gug,gug,749,749,749,annotA,-1,-1,NMT,orig,5,4
gug,gug,749,749,749,annotA,-1,-1,NMT,CAMB,5,3
gug,gug,749,749,749,annotA,-1,-1,AMU,turk,3,1
gug,gug,749,749,749,annotA,-1,-1,AMU,orig,3,4
gug,gug,749,749,749,annotA,-1,-1,AMU,CAMB,3,3
gug,gug,749,749,749,annotA,-1,-1,turk,orig,1,4
gug,gug,749,749,749,annotA,-1,-1,turk,CAMB,1,3
gug,gug,749,749,749,annotA,-1,-1,orig,CAMB,4,3
gug,gug,734,734,734,annotA,-1,-1,orig,NMT,4,4
gug,gug,734,734,734,annotA,-1,-1,orig,CAMB,4,4
gug,gug,734,734,734,annotA,-1,-1,orig,turk,4,5
gug,gug,734,734,734,annotA,-1,-1,orig,AMU,4,4
gug,gug,734,734,734,annotA,-1,-1,NMT,CAMB,4,4
gug,gug,734,734,734,annotA,-1,-1,NMT,turk,4,5
gug,gug,734,734,734,annotA,-1,-1,NMT,AMU,4,4
gug,gug,734,734,734,annotA,-1,-1,CAMB,turk,4,5
gug,gug,734,734,734,annotA,-1,-1,CAMB,AMU,4,4
gug,gug,734,734,734,annotA,-1,-1,turk,AMU,5,4
gug,gug,2212,2212,2212,annotA,-1,-1,CAMB,turk,2,1
gug,gug,2212,2212,2212,annotA,-1,-1,CAMB,NMT,2,5
gug,gug,2212,2212,2212,annotA,-1,-1,CAMB,AMU,2,3
gug,gug,2212,2212,2212,annotA,-1,-1,CAMB,orig,2,4
gug,gug,2212,2212,2212,annotA,-1,-1,turk,NMT,1,5
gug,gug,2212,2212,2212,annotA,-1,-1,turk,AMU,1,3
gug,gug,2212,2212,2212,annotA,-1,-1,turk,orig,1,4
gug,gug,2212,2212,2212,annotA,-1,-1,NMT,AMU,5,3
gug,gug,2212,2212,2212,annotA,-1,-1,NMT,orig,5,4
gug,gug,2212,2212,2212,annotA,-1,-1,AMU,orig,3,4
gug,gug,2607,2607,2607,annotA,-1,-1,AMU,CAMB,3,3
gug,gug,2607,2607,2607,annotA,-1,-1,AMU,orig,3,4
gug,gug,2607,2607,2607,annotA,-1,-1,AMU,NMT,3,2
gug,gug,2607,2607,2607,annotA,-1,-1,AMU,turk,3,1
gug,gug,2607,2607,2607,annotA,-1,-1,CAMB,orig,3,4
gug,gug,2607,2607,2607,annotA,-1,-1,CAMB,NMT,3,2
gug,gug,2607,2607,2607,annotA,-1,-1,CAMB,turk,3,1
gug,gug,2607,2607,2607,annotA,-1,-1,orig,NMT,4,2
gug,gug,2607,2607,2607,annotA,-1,-1,orig,turk,4,1
gug,gug,2607,2607,2607,annotA,-1,-1,NMT,turk,2,1
gug,gug,352,352,352,annotA,-1,-1,turk,AMU,1,4
gug,gug,352,352,352,annotA,-1,-1,turk,CAMB,1,4
gug,gug,352,352,352,annotA,-1,-1,turk,NMT,1,4
gug,gug,352,352,352,annotA,-1,-1,turk,orig,1,4
gug,gug,352,352,352,annotA,-1,-1,AMU,CAMB,4,4
gug,gug,352,352,352,annotA,-1,-1,AMU,NMT,4,4
gug,gug,352,352,352,annotA,-1,-1,AMU,orig,4,4
gug,gug,352,352,352,annotA,-1,-1,CAMB,NMT,4,4
gug,gug,352,352,352,annotA,-1,-1,CAMB,orig,4,4
gug,gug,352,352,352,annotA,-1,-1,NMT,orig,4,4
gug,gug,2518,2518,2518,annotA,-1,-1,AMU,NMT,4,4
gug,gug,2518,2518,2518,annotA,-1,-1,AMU,CAMB,4,4
gug,gug,2518,2518,2518,annotA,-1,-1,AMU,orig,4,4
gug,gug,2518,2518,2518,annotA,-1,-1,AMU,turk,4,4
gug,gug,2518,2518,2518,annotA,-1,-1,NMT,CAMB,4,4
gug,gug,2518,2518,2518,annotA,-1,-1,NMT,orig,4,4
gug,gug,2518,2518,2518,annotA,-1,-1,NMT,turk,4,4
gug,gug,2518,2518,2518,annotA,-1,-1,CAMB,orig,4,4
gug,gug,2518,2518,2518,annotA,-1,-1,CAMB,turk,4,4
gug,gug,2518,2518,2518,annotA,-1,-1,orig,turk,4,4
gug,gug,1871,1871,1871,annotA,-1,-1,CAMB,orig,4,4
gug,gug,1871,1871,1871,annotA,-1,-1,CAMB,turk,4,4
gug,gug,1871,1871,1871,annotA,-1,-1,CAMB,NMT,4,4
gug,gug,1871,1871,1871,annotA,-1,-1,CAMB,AMU,4,4
gug,gug,1871,1871,1871,annotA,-1,-1,orig,turk,4,4
gug,gug,1871,1871,1871,annotA,-1,-1,orig,NMT,4,4
gug,gug,1871,1871,1871,annotA,-1,-1,orig,AMU,4,4
gug,gug,1871,1871,1871,annotA,-1,-1,turk,NMT,4,4
gug,gug,1871,1871,1871,annotA,-1,-1,turk,AMU,4,4
gug,gug,1871,1871,1871,annotA,-1,-1,NMT,AMU,4,4
gug,gug,2246,2246,2246,annotA,-1,-1,orig,turk,4,2
gug,gug,2246,2246,2246,annotA,-1,-1,orig,CAMB,4,4
gug,gug,2246,2246,2246,annotA,-1,-1,orig,AMU,4,4
gug,gug,2246,2246,2246,annotA,-1,-1,orig,NMT,4,3
gug,gug,2246,2246,2246,annotA,-1,-1,turk,CAMB,2,4
gug,gug,2246,2246,2246,annotA,-1,-1,turk,AMU,2,4
gug,gug,2246,2246,2246,annotA,-1,-1,turk,NMT,2,3
gug,gug,2246,2246,2246,annotA,-1,-1,CAMB,AMU,4,4
gug,gug,2246,2246,2246,annotA,-1,-1,CAMB,NMT,4,3
gug,gug,2246,2246,2246,annotA,-1,-1,AMU,NMT,4,3
gug,gug,726,726,726,annotA,-1,-1,orig,AMU,4,4
gug,gug,726,726,726,annotA,-1,-1,orig,NMT,4,2
gug,gug,726,726,726,annotA,-1,-1,orig,turk,4,2
gug,gug,726,726,726,annotA,-1,-1,orig,CAMB,4,4
gug,gug,726,726,726,annotA,-1,-1,AMU,NMT,4,2
gug,gug,726,726,726,annotA,-1,-1,AMU,turk,4,2
gug,gug,726,726,726,annotA,-1,-1,AMU,CAMB,4,4
gug,gug,726,726,726,annotA,-1,-1,NMT,turk,2,2
gug,gug,726,726,726,annotA,-1,-1,NMT,CAMB,2,4
gug,gug,726,726,726,annotA,-1,-1,turk,CAMB,2,4
gug,gug,151,151,151,annotA,-1,-1,CAMB,NMT,4,4
gug,gug,151,151,151,annotA,-1,-1,CAMB,turk,4,4
gug,gug,151,151,151,annotA,-1,-1,CAMB,AMU,4,4
gug,gug,151,151,151,annotA,-1,-1,CAMB,orig,4,4
gug,gug,151,151,151,annotA,-1,-1,NMT,turk,4,4
gug,gug,151,151,151,annotA,-1,-1,NMT,AMU,4,4
gug,gug,151,151,151,annotA,-1,-1,NMT,orig,4,4
gug,gug,151,151,151,annotA,-1,-1,turk,AMU,4,4
gug,gug,151,151,151,annotA,-1,-1,turk,orig,4,4
gug,gug,151,151,151,annotA,-1,-1,AMU,orig,4,4
gug,gug,631,631,631,annotA,-1,-1,turk,orig,2,4
gug,gug,631,631,631,annotA,-1,-1,turk,AMU,2,2
gug,gug,631,631,631,annotA,-1,-1,turk,CAMB,2,4
gug,gug,631,631,631,annotA,-1,-1,turk,NMT,2,4
gug,gug,631,631,631,annotA,-1,-1,orig,AMU,4,2
gug,gug,631,631,631,annotA,-1,-1,orig,CAMB,4,4
gug,gug,631,631,631,annotA,-1,-1,orig,NMT,4,4
gug,gug,631,631,631,annotA,-1,-1,AMU,CAMB,2,4
gug,gug,631,631,631,annotA,-1,-1,AMU,NMT,2,4
gug,gug,631,631,631,annotA,-1,-1,CAMB,NMT,4,4
gug,gug,692,692,692,annotA,-1,-1,AMU,NMT,4,2
gug,gug,692,692,692,annotA,-1,-1,AMU,CAMB,4,5
gug,gug,692,692,692,annotA,-1,-1,AMU,orig,4,4
gug,gug,692,692,692,annotA,-1,-1,AMU,turk,4,3
gug,gug,692,692,692,annotA,-1,-1,NMT,CAMB,2,5
gug,gug,692,692,692,annotA,-1,-1,NMT,orig,2,4
gug,gug,692,692,692,annotA,-1,-1,NMT,turk,2,3
gug,gug,692,692,692,annotA,-1,-1,CAMB,orig,5,4
gug,gug,692,692,692,annotA,-1,-1,CAMB,turk,5,3
gug,gug,692,692,692,annotA,-1,-1,orig,turk,4,3
gug,gug,1574,1574,1574,annotA,-1,-1,CAMB,NMT,4,4
gug,gug,1574,1574,1574,annotA,-1,-1,CAMB,orig,4,4
gug,gug,1574,1574,1574,annotA,-1,-1,CAMB,turk,4,3
gug,gug,1574,1574,1574,annotA,-1,-1,CAMB,AMU,4,3
gug,gug,1574,1574,1574,annotA,-1,-1,NMT,orig,4,4
gug,gug,1574,1574,1574,annotA,-1,-1,NMT,turk,4,3
gug,gug,1574,1574,1574,annotA,-1,-1,NMT,AMU,4,3
gug,gug,1574,1574,1574,annotA,-1,-1,orig,turk,4,3
gug,gug,1574,1574,1574,annotA,-1,-1,orig,AMU,4,3
gug,gug,1574,1574,1574,annotA,-1,-1,turk,AMU,3,3
gug,gug,2625,2625,2625,annotA,-1,-1,CAMB,AMU,4,4
gug,gug,2625,2625,2625,annotA,-1,-1,CAMB,orig,4,4
gug,gug,2625,2625,2625,annotA,-1,-1,CAMB,NMT,4,4
gug,gug,2625,2625,2625,annotA,-1,-1,CAMB,turk,4,3
gug,gug,2625,2625,2625,annotA,-1,-1,AMU,orig,4,4
gug,gug,2625,2625,2625,annotA,-1,-1,AMU,NMT,4,4
gug,gug,2625,2625,2625,annotA,-1,-1,AMU,turk,4,3
gug,gug,2625,2625,2625,annotA,-1,-1,orig,NMT,4,4
gug,gug,2625,2625,2625,annotA,-1,-1,orig,turk,4,3
gug,gug,2625,2625,2625,annotA,-1,-1,NMT,turk,4,3
gug,gug,965,965,965,annotA,-1,-1,AMU,turk,4,5
gug,gug,965,965,965,annotA,-1,-1,AMU,NMT,4,4
gug,gug,965,965,965,annotA,-1,-1,AMU,CAMB,4,4
gug,gug,965,965,965,annotA,-1,-1,AMU,orig,4,4
gug,gug,965,965,965,annotA,-1,-1,turk,NMT,5,4
gug,gug,965,965,965,annotA,-1,-1,turk,CAMB,5,4
gug,gug,965,965,965,annotA,-1,-1,turk,orig,5,4
gug,gug,965,965,965,annotA,-1,-1,NMT,CAMB,4,4
gug,gug,965,965,965,annotA,-1,-1,NMT,orig,4,4
gug,gug,965,965,965,annotA,-1,-1,CAMB,orig,4,4
gug,gug,139,139,139,annotA,-1,-1,orig,turk,4,3
gug,gug,139,139,139,annotA,-1,-1,orig,CAMB,4,2
gug,gug,139,139,139,annotA,-1,-1,orig,NMT,4,5
gug,gug,139,139,139,annotA,-1,-1,orig,AMU,4,4
gug,gug,139,139,139,annotA,-1,-1,turk,CAMB,3,2
gug,gug,139,139,139,annotA,-1,-1,turk,NMT,3,5
gug,gug,139,139,139,annotA,-1,-1,turk,AMU,3,4
gug,gug,139,139,139,annotA,-1,-1,CAMB,NMT,2,5
gug,gug,139,139,139,annotA,-1,-1,CAMB,AMU,2,4
gug,gug,139,139,139,annotA,-1,-1,NMT,AMU,5,4
gug,gug,600,600,600,annotA,-1,-1,turk,CAMB,1,4
gug,gug,600,600,600,annotA,-1,-1,turk,AMU,1,3
gug,gug,600,600,600,annotA,-1,-1,turk,orig,1,4
gug,gug,600,600,600,annotA,-1,-1,turk,NMT,1,3
gug,gug,600,600,600,annotA,-1,-1,CAMB,AMU,4,3
gug,gug,600,600,600,annotA,-1,-1,CAMB,orig,4,4
gug,gug,600,600,600,annotA,-1,-1,CAMB,NMT,4,3
gug,gug,600,600,600,annotA,-1,-1,AMU,orig,3,4
gug,gug,600,600,600,annotA,-1,-1,AMU,NMT,3,3
gug,gug,600,600,600,annotA,-1,-1,orig,NMT,4,3
gug,gug,1418,1418,1418,annotA,-1,-1,CAMB,orig,3,4
gug,gug,1418,1418,1418,annotA,-1,-1,CAMB,NMT,3,5
gug,gug,1418,1418,1418,annotA,-1,-1,CAMB,turk,3,3
gug,gug,1418,1418,1418,annotA,-1,-1,CAMB,AMU,3,4
gug,gug,1418,1418,1418,annotA,-1,-1,orig,NMT,4,5
gug,gug,1418,1418,1418,annotA,-1,-1,orig,turk,4,3
gug,gug,1418,1418,1418,annotA,-1,-1,orig,AMU,4,4
gug,gug,1418,1418,1418,annotA,-1,-1,NMT,turk,5,3
gug,gug,1418,1418,1418,annotA,-1,-1,NMT,AMU,5,4
gug,gug,1418,1418,1418,annotA,-1,-1,turk,AMU,3,4
gug,gug,2003,2003,2003,annotA,-1,-1,AMU,orig,4,4
gug,gug,2003,2003,2003,annotA,-1,-1,AMU,NMT,4,5
gug,gug,2003,2003,2003,annotA,-1,-1,AMU,CAMB,4,3
gug,gug,2003,2003,2003,annotA,-1,-1,AMU,turk,4,2
gug,gug,2003,2003,2003,annotA,-1,-1,orig,NMT,4,5
gug,gug,2003,2003,2003,annotA,-1,-1,orig,CAMB,4,3
gug,gug,2003,2003,2003,annotA,-1,-1,orig,turk,4,2
gug,gug,2003,2003,2003,annotA,-1,-1,NMT,CAMB,5,3
gug,gug,2003,2003,2003,annotA,-1,-1,NMT,turk,5,2
gug,gug,2003,2003,2003,annotA,-1,-1,CAMB,turk,3,2
gug,gug,745,745,745,annotA,-1,-1,turk,CAMB,1,3
gug,gug,745,745,745,annotA,-1,-1,turk,orig,1,5
gug,gug,745,745,745,annotA,-1,-1,turk,NMT,1,3
gug,gug,745,745,745,annotA,-1,-1,turk,AMU,1,4
gug,gug,745,745,745,annotA,-1,-1,CAMB,orig,3,5
gug,gug,745,745,745,annotA,-1,-1,CAMB,NMT,3,3
gug,gug,745,745,745,annotA,-1,-1,CAMB,AMU,3,4
gug,gug,745,745,745,annotA,-1,-1,orig,NMT,5,3
gug,gug,745,745,745,annotA,-1,-1,orig,AMU,5,4
gug,gug,745,745,745,annotA,-1,-1,NMT,AMU,3,4
gug,gug,2370,2370,2370,annotA,-1,-1,AMU,CAMB,4,4
gug,gug,2370,2370,2370,annotA,-1,-1,AMU,NMT,4,4
gug,gug,2370,2370,2370,annotA,-1,-1,AMU,turk,4,4
gug,gug,2370,2370,2370,annotA,-1,-1,AMU,orig,4,4
gug,gug,2370,2370,2370,annotA,-1,-1,CAMB,NMT,4,4
gug,gug,2370,2370,2370,annotA,-1,-1,CAMB,turk,4,4
gug,gug,2370,2370,2370,annotA,-1,-1,CAMB,orig,4,4
gug,gug,2370,2370,2370,annotA,-1,-1,NMT,turk,4,4
gug,gug,2370,2370,2370,annotA,-1,-1,NMT,orig,4,4
gug,gug,2370,2370,2370,annotA,-1,-1,turk,orig,4,4
gug,gug,1077,1077,1077,annotA,-1,-1,AMU,orig,3,4
gug,gug,1077,1077,1077,annotA,-1,-1,AMU,NMT,3,4
gug,gug,1077,1077,1077,annotA,-1,-1,AMU,turk,3,1
gug,gug,1077,1077,1077,annotA,-1,-1,AMU,CAMB,3,4
gug,gug,1077,1077,1077,annotA,-1,-1,orig,NMT,4,4
gug,gug,1077,1077,1077,annotA,-1,-1,orig,turk,4,1
gug,gug,1077,1077,1077,annotA,-1,-1,orig,CAMB,4,4
gug,gug,1077,1077,1077,annotA,-1,-1,NMT,turk,4,1
gug,gug,1077,1077,1077,annotA,-1,-1,NMT,CAMB,4,4
gug,gug,1077,1077,1077,annotA,-1,-1,turk,CAMB,1,4
gug,gug,1606,1606,1606,annotA,-1,-1,orig,NMT,5,2
gug,gug,1606,1606,1606,annotA,-1,-1,orig,turk,5,1
gug,gug,1606,1606,1606,annotA,-1,-1,orig,AMU,5,4
gug,gug,1606,1606,1606,annotA,-1,-1,orig,CAMB,5,3
gug,gug,1606,1606,1606,annotA,-1,-1,NMT,turk,2,1
gug,gug,1606,1606,1606,annotA,-1,-1,NMT,AMU,2,4
gug,gug,1606,1606,1606,annotA,-1,-1,NMT,CAMB,2,3
gug,gug,1606,1606,1606,annotA,-1,-1,turk,AMU,1,4
gug,gug,1606,1606,1606,annotA,-1,-1,turk,CAMB,1,3
gug,gug,1606,1606,1606,annotA,-1,-1,AMU,CAMB,4,3
gug,gug,316,316,316,annotA,-1,-1,CAMB,AMU,4,4
gug,gug,316,316,316,annotA,-1,-1,CAMB,orig,4,4
gug,gug,316,316,316,annotA,-1,-1,CAMB,turk,4,2
gug,gug,316,316,316,annotA,-1,-1,CAMB,NMT,4,4
gug,gug,316,316,316,annotA,-1,-1,AMU,orig,4,4
gug,gug,316,316,316,annotA,-1,-1,AMU,turk,4,2
gug,gug,316,316,316,annotA,-1,-1,AMU,NMT,4,4
gug,gug,316,316,316,annotA,-1,-1,orig,turk,4,2
gug,gug,316,316,316,annotA,-1,-1,orig,NMT,4,4
gug,gug,316,316,316,annotA,-1,-1,turk,NMT,2,4
gug,gug,1826,1826,1826,annotA,-1,-1,CAMB,orig,4,3
gug,gug,1826,1826,1826,annotA,-1,-1,CAMB,NMT,4,2
gug,gug,1826,1826,1826,annotA,-1,-1,CAMB,turk,4,1
gug,gug,1826,1826,1826,annotA,-1,-1,CAMB,AMU,4,3
gug,gug,1826,1826,1826,annotA,-1,-1,orig,NMT,3,2
gug,gug,1826,1826,1826,annotA,-1,-1,orig,turk,3,1
gug,gug,1826,1826,1826,annotA,-1,-1,orig,AMU,3,3
gug,gug,1826,1826,1826,annotA,-1,-1,NMT,turk,2,1
gug,gug,1826,1826,1826,annotA,-1,-1,NMT,AMU,2,3
gug,gug,1826,1826,1826,annotA,-1,-1,turk,AMU,1,3
gug,gug,2129,2129,2129,annotA,-1,-1,CAMB,orig,4,4
gug,gug,2129,2129,2129,annotA,-1,-1,CAMB,AMU,4,4
gug,gug,2129,2129,2129,annotA,-1,-1,CAMB,turk,4,4
gug,gug,2129,2129,2129,annotA,-1,-1,CAMB,NMT,4,4
gug,gug,2129,2129,2129,annotA,-1,-1,orig,AMU,4,4
gug,gug,2129,2129,2129,annotA,-1,-1,orig,turk,4,4
gug,gug,2129,2129,2129,annotA,-1,-1,orig,NMT,4,4
gug,gug,2129,2129,2129,annotA,-1,-1,AMU,turk,4,4
gug,gug,2129,2129,2129,annotA,-1,-1,AMU,NMT,4,4
gug,gug,2129,2129,2129,annotA,-1,-1,turk,NMT,4,4
gug,gug,3032,3032,3032,annotA,-1,-1,turk,NMT,3,4
gug,gug,3032,3032,3032,annotA,-1,-1,turk,CAMB,3,4
gug,gug,3032,3032,3032,annotA,-1,-1,turk,orig,3,4
gug,gug,3032,3032,3032,annotA,-1,-1,turk,AMU,3,4
gug,gug,3032,3032,3032,annotA,-1,-1,NMT,CAMB,4,4
gug,gug,3032,3032,3032,annotA,-1,-1,NMT,orig,4,4
gug,gug,3032,3032,3032,annotA,-1,-1,NMT,AMU,4,4
gug,gug,3032,3032,3032,annotA,-1,-1,CAMB,orig,4,4
gug,gug,3032,3032,3032,annotA,-1,-1,CAMB,AMU,4,4
gug,gug,3032,3032,3032,annotA,-1,-1,orig,AMU,4,4
gug,gug,522,522,522,annotA,-1,-1,AMU,turk,3,3
gug,gug,522,522,522,annotA,-1,-1,AMU,CAMB,3,4
gug,gug,522,522,522,annotA,-1,-1,AMU,orig,3,4
gug,gug,522,522,522,annotA,-1,-1,AMU,NMT,3,4
gug,gug,522,522,522,annotA,-1,-1,turk,CAMB,3,4
gug,gug,522,522,522,annotA,-1,-1,turk,orig,3,4
gug,gug,522,522,522,annotA,-1,-1,turk,NMT,3,4
gug,gug,522,522,522,annotA,-1,-1,CAMB,orig,4,4
gug,gug,522,522,522,annotA,-1,-1,CAMB,NMT,4,4
gug,gug,522,522,522,annotA,-1,-1,orig,NMT,4,4
gug,gug,2478,2478,2478,annotA,-1,-1,orig,AMU,4,4
gug,gug,2478,2478,2478,annotA,-1,-1,orig,turk,4,4
gug,gug,2478,2478,2478,annotA,-1,-1,orig,CAMB,4,4
gug,gug,2478,2478,2478,annotA,-1,-1,orig,NMT,4,4
gug,gug,2478,2478,2478,annotA,-1,-1,AMU,turk,4,4
gug,gug,2478,2478,2478,annotA,-1,-1,AMU,CAMB,4,4
gug,gug,2478,2478,2478,annotA,-1,-1,AMU,NMT,4,4
gug,gug,2478,2478,2478,annotA,-1,-1,turk,CAMB,4,4
gug,gug,2478,2478,2478,annotA,-1,-1,turk,NMT,4,4
gug,gug,2478,2478,2478,annotA,-1,-1,CAMB,NMT,4,4
gug,gug,1842,1842,1842,annotA,-1,-1,AMU,orig,5,4
gug,gug,1842,1842,1842,annotA,-1,-1,AMU,CAMB,5,3
gug,gug,1842,1842,1842,annotA,-1,-1,AMU,turk,5,1
gug,gug,1842,1842,1842,annotA,-1,-1,AMU,NMT,5,3
gug,gug,1842,1842,1842,annotA,-1,-1,orig,CAMB,4,3
gug,gug,1842,1842,1842,annotA,-1,-1,orig,turk,4,1
gug,gug,1842,1842,1842,annotA,-1,-1,orig,NMT,4,3
gug,gug,1842,1842,1842,annotA,-1,-1,CAMB,turk,3,1
gug,gug,1842,1842,1842,annotA,-1,-1,CAMB,NMT,3,3
gug,gug,1842,1842,1842,annotA,-1,-1,turk,NMT,1,3
gug,gug,285,285,285,annotA,-1,-1,orig,NMT,4,3
gug,gug,285,285,285,annotA,-1,-1,orig,AMU,4,4
gug,gug,285,285,285,annotA,-1,-1,orig,turk,4,1
gug,gug,285,285,285,annotA,-1,-1,orig,CAMB,4,3
gug,gug,285,285,285,annotA,-1,-1,NMT,AMU,3,4
gug,gug,285,285,285,annotA,-1,-1,NMT,turk,3,1
gug,gug,285,285,285,annotA,-1,-1,NMT,CAMB,3,3
gug,gug,285,285,285,annotA,-1,-1,AMU,turk,4,1
gug,gug,285,285,285,annotA,-1,-1,AMU,CAMB,4,3
gug,gug,285,285,285,annotA,-1,-1,turk,CAMB,1,3
gug,gug,1617,1617,1617,annotA,-1,-1,AMU,CAMB,4,4
gug,gug,1617,1617,1617,annotA,-1,-1,AMU,NMT,4,4
gug,gug,1617,1617,1617,annotA,-1,-1,AMU,turk,4,1
gug,gug,1617,1617,1617,annotA,-1,-1,AMU,orig,4,4
gug,gug,1617,1617,1617,annotA,-1,-1,CAMB,NMT,4,4
gug,gug,1617,1617,1617,annotA,-1,-1,CAMB,turk,4,1
gug,gug,1617,1617,1617,annotA,-1,-1,CAMB,orig,4,4
gug,gug,1617,1617,1617,annotA,-1,-1,NMT,turk,4,1
gug,gug,1617,1617,1617,annotA,-1,-1,NMT,orig,4,4
gug,gug,1617,1617,1617,annotA,-1,-1,turk,orig,1,4
gug,gug,1260,1260,1260,annotA,-1,-1,orig,CAMB,4,3
gug,gug,1260,1260,1260,annotA,-1,-1,orig,NMT,4,2
gug,gug,1260,1260,1260,annotA,-1,-1,orig,AMU,4,3
gug,gug,1260,1260,1260,annotA,-1,-1,orig,turk,4,1
gug,gug,1260,1260,1260,annotA,-1,-1,CAMB,NMT,3,2
gug,gug,1260,1260,1260,annotA,-1,-1,CAMB,AMU,3,3
gug,gug,1260,1260,1260,annotA,-1,-1,CAMB,turk,3,1
gug,gug,1260,1260,1260,annotA,-1,-1,NMT,AMU,2,3
gug,gug,1260,1260,1260,annotA,-1,-1,NMT,turk,2,1
gug,gug,1260,1260,1260,annotA,-1,-1,AMU,turk,3,1
gug,gug,2950,2950,2950,annotA,-1,-1,NMT,CAMB,3,3
gug,gug,2950,2950,2950,annotA,-1,-1,NMT,AMU,3,3
gug,gug,2950,2950,2950,annotA,-1,-1,NMT,turk,3,1
gug,gug,2950,2950,2950,annotA,-1,-1,NMT,orig,3,4
gug,gug,2950,2950,2950,annotA,-1,-1,CAMB,AMU,3,3
gug,gug,2950,2950,2950,annotA,-1,-1,CAMB,turk,3,1
gug,gug,2950,2950,2950,annotA,-1,-1,CAMB,orig,3,4
gug,gug,2950,2950,2950,annotA,-1,-1,AMU,turk,3,1
gug,gug,2950,2950,2950,annotA,-1,-1,AMU,orig,3,4
gug,gug,2950,2950,2950,annotA,-1,-1,turk,orig,1,4
gug,gug,2106,2106,2106,annotA,-1,-1,AMU,orig,4,4
gug,gug,2106,2106,2106,annotA,-1,-1,AMU,CAMB,4,4
gug,gug,2106,2106,2106,annotA,-1,-1,AMU,NMT,4,3
gug,gug,2106,2106,2106,annotA,-1,-1,AMU,turk,4,1
gug,gug,2106,2106,2106,annotA,-1,-1,orig,CAMB,4,4
gug,gug,2106,2106,2106,annotA,-1,-1,orig,NMT,4,3
gug,gug,2106,2106,2106,annotA,-1,-1,orig,turk,4,1
gug,gug,2106,2106,2106,annotA,-1,-1,CAMB,NMT,4,3
gug,gug,2106,2106,2106,annotA,-1,-1,CAMB,turk,4,1
gug,gug,2106,2106,2106,annotA,-1,-1,NMT,turk,3,1
gug,gug,2867,2867,2867,annotA,-1,-1,turk,AMU,5,4
gug,gug,2867,2867,2867,annotA,-1,-1,turk,NMT,5,1
gug,gug,2867,2867,2867,annotA,-1,-1,turk,orig,5,4
gug,gug,2867,2867,2867,annotA,-1,-1,turk,CAMB,5,1
gug,gug,2867,2867,2867,annotA,-1,-1,AMU,NMT,4,1
gug,gug,2867,2867,2867,annotA,-1,-1,AMU,orig,4,4
gug,gug,2867,2867,2867,annotA,-1,-1,AMU,CAMB,4,1
gug,gug,2867,2867,2867,annotA,-1,-1,NMT,orig,1,4
gug,gug,2867,2867,2867,annotA,-1,-1,NMT,CAMB,1,1
gug,gug,2867,2867,2867,annotA,-1,-1,orig,CAMB,4,1
gug,gug,2981,2981,2981,annotA,-1,-1,orig,AMU,4,3
gug,gug,2981,2981,2981,annotA,-1,-1,orig,CAMB,4,4
gug,gug,2981,2981,2981,annotA,-1,-1,orig,NMT,4,5
gug,gug,2981,2981,2981,annotA,-1,-1,orig,turk,4,1
gug,gug,2981,2981,2981,annotA,-1,-1,AMU,CAMB,3,4
gug,gug,2981,2981,2981,annotA,-1,-1,AMU,NMT,3,5
gug,gug,2981,2981,2981,annotA,-1,-1,AMU,turk,3,1
gug,gug,2981,2981,2981,annotA,-1,-1,CAMB,NMT,4,5
gug,gug,2981,2981,2981,annotA,-1,-1,CAMB,turk,4,1
gug,gug,2981,2981,2981,annotA,-1,-1,NMT,turk,5,1
gug,gug,1352,1352,1352,annotA,-1,-1,NMT,CAMB,3,4
gug,gug,1352,1352,1352,annotA,-1,-1,NMT,orig,3,4
gug,gug,1352,1352,1352,annotA,-1,-1,NMT,AMU,3,4
gug,gug,1352,1352,1352,annotA,-1,-1,NMT,turk,3,3
gug,gug,1352,1352,1352,annotA,-1,-1,CAMB,orig,4,4
gug,gug,1352,1352,1352,annotA,-1,-1,CAMB,AMU,4,4
gug,gug,1352,1352,1352,annotA,-1,-1,CAMB,turk,4,3
gug,gug,1352,1352,1352,annotA,-1,-1,orig,AMU,4,4
gug,gug,1352,1352,1352,annotA,-1,-1,orig,turk,4,3
gug,gug,1352,1352,1352,annotA,-1,-1,AMU,turk,4,3
gug,gug,2991,2991,2991,annotA,-1,-1,CAMB,AMU,4,4
gug,gug,2991,2991,2991,annotA,-1,-1,CAMB,orig,4,4
gug,gug,2991,2991,2991,annotA,-1,-1,CAMB,NMT,4,1
gug,gug,2991,2991,2991,annotA,-1,-1,CAMB,turk,4,2
gug,gug,2991,2991,2991,annotA,-1,-1,AMU,orig,4,4
gug,gug,2991,2991,2991,annotA,-1,-1,AMU,NMT,4,1
gug,gug,2991,2991,2991,annotA,-1,-1,AMU,turk,4,2
gug,gug,2991,2991,2991,annotA,-1,-1,orig,NMT,4,1
gug,gug,2991,2991,2991,annotA,-1,-1,orig,turk,4,2
gug,gug,2991,2991,2991,annotA,-1,-1,NMT,turk,1,2
gug,gug,1695,1695,1695,annotA,-1,-1,NMT,orig,5,4
gug,gug,1695,1695,1695,annotA,-1,-1,NMT,AMU,5,4
gug,gug,1695,1695,1695,annotA,-1,-1,NMT,turk,5,1
gug,gug,1695,1695,1695,annotA,-1,-1,NMT,CAMB,5,3
gug,gug,1695,1695,1695,annotA,-1,-1,orig,AMU,4,4
gug,gug,1695,1695,1695,annotA,-1,-1,orig,turk,4,1
gug,gug,1695,1695,1695,annotA,-1,-1,orig,CAMB,4,3
gug,gug,1695,1695,1695,annotA,-1,-1,AMU,turk,4,1
gug,gug,1695,1695,1695,annotA,-1,-1,AMU,CAMB,4,3
gug,gug,1695,1695,1695,annotA,-1,-1,turk,CAMB,1,3
gug,gug,970,970,970,annotA,-1,-1,CAMB,AMU,5,4
gug,gug,970,970,970,annotA,-1,-1,CAMB,orig,5,4
gug,gug,970,970,970,annotA,-1,-1,CAMB,turk,5,3
gug,gug,970,970,970,annotA,-1,-1,CAMB,NMT,5,2
gug,gug,970,970,970,annotA,-1,-1,AMU,orig,4,4
gug,gug,970,970,970,annotA,-1,-1,AMU,turk,4,3
gug,gug,970,970,970,annotA,-1,-1,AMU,NMT,4,2
gug,gug,970,970,970,annotA,-1,-1,orig,turk,4,3
gug,gug,970,970,970,annotA,-1,-1,orig,NMT,4,2
gug,gug,970,970,970,annotA,-1,-1,turk,NMT,3,2
gug,gug,1767,1767,1767,annotA,-1,-1,NMT,orig,1,4
gug,gug,1767,1767,1767,annotA,-1,-1,NMT,turk,1,4
gug,gug,1767,1767,1767,annotA,-1,-1,NMT,AMU,1,4
gug,gug,1767,1767,1767,annotA,-1,-1,NMT,CAMB,1,5
gug,gug,1767,1767,1767,annotA,-1,-1,orig,turk,4,4
gug,gug,1767,1767,1767,annotA,-1,-1,orig,AMU,4,4
gug,gug,1767,1767,1767,annotA,-1,-1,orig,CAMB,4,5
gug,gug,1767,1767,1767,annotA,-1,-1,turk,AMU,4,4
gug,gug,1767,1767,1767,annotA,-1,-1,turk,CAMB,4,5
gug,gug,1767,1767,1767,annotA,-1,-1,AMU,CAMB,4,5
gug,gug,3009,3009,3009,annotA,-1,-1,AMU,CAMB,4,3
gug,gug,3009,3009,3009,annotA,-1,-1,AMU,orig,4,4
gug,gug,3009,3009,3009,annotA,-1,-1,AMU,turk,4,1
gug,gug,3009,3009,3009,annotA,-1,-1,AMU,NMT,4,4
gug,gug,3009,3009,3009,annotA,-1,-1,CAMB,orig,3,4
gug,gug,3009,3009,3009,annotA,-1,-1,CAMB,turk,3,1
gug,gug,3009,3009,3009,annotA,-1,-1,CAMB,NMT,3,4
gug,gug,3009,3009,3009,annotA,-1,-1,orig,turk,4,1
gug,gug,3009,3009,3009,annotA,-1,-1,orig,NMT,4,4
gug,gug,3009,3009,3009,annotA,-1,-1,turk,NMT,1,4
gug,gug,3028,3028,3028,annotA,-1,-1,turk,orig,3,4
gug,gug,3028,3028,3028,annotA,-1,-1,turk,NMT,3,4
gug,gug,3028,3028,3028,annotA,-1,-1,turk,AMU,3,3
gug,gug,3028,3028,3028,annotA,-1,-1,turk,CAMB,3,4
gug,gug,3028,3028,3028,annotA,-1,-1,orig,NMT,4,4
gug,gug,3028,3028,3028,annotA,-1,-1,orig,AMU,4,3
gug,gug,3028,3028,3028,annotA,-1,-1,orig,CAMB,4,4
gug,gug,3028,3028,3028,annotA,-1,-1,NMT,AMU,4,3
gug,gug,3028,3028,3028,annotA,-1,-1,NMT,CAMB,4,4
gug,gug,3028,3028,3028,annotA,-1,-1,AMU,CAMB,3,4
gug,gug,2644,2644,2644,annotA,-1,-1,turk,AMU,3,5
gug,gug,2644,2644,2644,annotA,-1,-1,turk,CAMB,3,4
gug,gug,2644,2644,2644,annotA,-1,-1,turk,orig,3,4
gug,gug,2644,2644,2644,annotA,-1,-1,turk,NMT,3,4
gug,gug,2644,2644,2644,annotA,-1,-1,AMU,CAMB,5,4
gug,gug,2644,2644,2644,annotA,-1,-1,AMU,orig,5,4
gug,gug,2644,2644,2644,annotA,-1,-1,AMU,NMT,5,4
gug,gug,2644,2644,2644,annotA,-1,-1,CAMB,orig,4,4
gug,gug,2644,2644,2644,annotA,-1,-1,CAMB,NMT,4,4
gug,gug,2644,2644,2644,annotA,-1,-1,orig,NMT,4,4
gug,gug,675,675,675,annotA,-1,-1,turk,CAMB,1,4
gug,gug,675,675,675,annotA,-1,-1,turk,AMU,1,4
gug,gug,675,675,675,annotA,-1,-1,turk,orig,1,4
gug,gug,675,675,675,annotA,-1,-1,turk,NMT,1,4
gug,gug,675,675,675,annotA,-1,-1,CAMB,AMU,4,4
gug,gug,675,675,675,annotA,-1,-1,CAMB,orig,4,4
gug,gug,675,675,675,annotA,-1,-1,CAMB,NMT,4,4
gug,gug,675,675,675,annotA,-1,-1,AMU,orig,4,4
gug,gug,675,675,675,annotA,-1,-1,AMU,NMT,4,4
gug,gug,675,675,675,annotA,-1,-1,orig,NMT,4,4
gug,gug,2006,2006,2006,annotA,-1,-1,CAMB,AMU,4,4
gug,gug,2006,2006,2006,annotA,-1,-1,CAMB,NMT,4,1
gug,gug,2006,2006,2006,annotA,-1,-1,CAMB,turk,4,4
gug,gug,2006,2006,2006,annotA,-1,-1,CAMB,orig,4,4
gug,gug,2006,2006,2006,annotA,-1,-1,AMU,NMT,4,1
gug,gug,2006,2006,2006,annotA,-1,-1,AMU,turk,4,4
gug,gug,2006,2006,2006,annotA,-1,-1,AMU,orig,4,4
gug,gug,2006,2006,2006,annotA,-1,-1,NMT,turk,1,4
gug,gug,2006,2006,2006,annotA,-1,-1,NMT,orig,1,4
gug,gug,2006,2006,2006,annotA,-1,-1,turk,orig,4,4
gug,gug,283,283,283,annotA,-1,-1,CAMB,AMU,3,4
gug,gug,283,283,283,annotA,-1,-1,CAMB,turk,3,2
gug,gug,283,283,283,annotA,-1,-1,CAMB,orig,3,4
gug,gug,283,283,283,annotA,-1,-1,CAMB,NMT,3,2
gug,gug,283,283,283,annotA,-1,-1,AMU,turk,4,2
gug,gug,283,283,283,annotA,-1,-1,AMU,orig,4,4
gug,gug,283,283,283,annotA,-1,-1,AMU,NMT,4,2
gug,gug,283,283,283,annotA,-1,-1,turk,orig,2,4
gug,gug,283,283,283,annotA,-1,-1,turk,NMT,2,2
gug,gug,283,283,283,annotA,-1,-1,orig,NMT,4,2
gug,gug,2125,2125,2125,annotA,-1,-1,NMT,NUS,2,1
gug,gug,45,45,45,annotA,-1,-1,NUS,turk,1,1
gug,gug,745,745,745,annotA,-1,-1,NUS,turk,2,1
gug,gug,2618,2618,2618,annotA,-1,-1,orig,NUS,2,1
gug,gug,3043,3043,3043,annotA,-1,-1,CAMB,NUS,1,2
gug,gug,151,151,151,annotA,-1,-1,NUS,CAMB,1,1
gug,gug,2913,2913,2913,annotA,-1,-1,turk,NUS,1,1
gug,gug,1670,1670,1670,annotA,-1,-1,CAMB,NUS,2,1
gug,gug,2248,2248,2248,annotA,-1,-1,NMT,NUS,1,2
gug,gug,945,945,945,annotA,-1,-1,NUS,AMU,1,1
gug,gug,2340,2340,2340,annotA,-1,-1,NMT,NUS,1,2
gug,gug,2377,2377,2377,annotA,-1,-1,turk,NUS,2,1
gug,gug,631,631,631,annotA,-1,-1,NUS,turk,2,1
gug,gug,1607,1607,1607,annotA,-1,-1,orig,NUS,2,1
gug,gug,2094,2094,2094,annotA,-1,-1,NMT,NUS,1,2
gug,gug,162,162,162,annotA,-1,-1,NUS,turk,2,1
gug,gug,174,174,174,annotA,-1,-1,NUS,NMT,1,2
gug,gug,1321,1321,1321,annotA,-1,-1,NUS,NMT,2,1
gug,gug,637,637,637,annotA,-1,-1,NUS,NMT,1,1
gug,gug,1923,1923,1923,annotA,-1,-1,NMT,NUS,1,1
gug,gug,2897,2897,2897,annotA,-1,-1,NMT,NUS,1,2
gug,gug,1569,1569,1569,annotA,-1,-1,turk,NUS,1,2
gug,gug,1245,1245,1245,annotA,-1,-1,NUS,orig,1,1
gug,gug,2480,2480,2480,annotA,-1,-1,AMU,NUS,1,2
gug,gug,2554,2554,2554,annotA,-1,-1,AMU,NUS,2,1
gug,gug,672,672,672,annotA,-1,-1,NUS,NMT,1,1
gug,gug,2733,2733,2733,annotA,-1,-1,turk,NUS,1,2
gug,gug,864,864,864,annotA,-1,-1,NUS,turk,2,1
gug,gug,323,323,323,annotA,-1,-1,NUS,NMT,2,1
gug,gug,1181,1181,1181,annotA,-1,-1,NUS,AMU,1,1
gug,gug,208,208,208,annotA,-1,-1,NUS,CAMB,1,1
gug,gug,202,202,202,annotA,-1,-1,NUS,NMT,2,1
gug,gug,1882,1882,1882,annotA,-1,-1,CAMB,NUS,2,1
gug,gug,2246,2246,2246,annotA,-1,-1,orig,NUS,1,2
gug,gug,1644,1644,1644,annotA,-1,-1,orig,NUS,1,2
gug,gug,1222,1222,1222,annotA,-1,-1,NUS,orig,1,2
gug,gug,908,908,908,annotA,-1,-1,NUS,turk,2,1
gug,gug,1093,1093,1093,annotA,-1,-1,NUS,AMU,1,2
gug,gug,134,134,134,annotA,-1,-1,NUS,orig,1,2
gug,gug,1265,1265,1265,annotA,-1,-1,NUS,AMU,1,1
gug,gug,2455,2455,2455,annotA,-1,-1,CAMB,NUS,1,1
gug,gug,16,16,16,annotA,-1,-1,NUS,CAMB,1,2
gug,gug,608,608,608,annotA,-1,-1,NUS,CAMB,1,1
gug,gug,2225,2225,2225,annotA,-1,-1,AMU,NUS,1,1
gug,gug,600,600,600,annotA,-1,-1,NUS,turk,2,1
gug,gug,2212,2212,2212,annotA,-1,-1,CAMB,NUS,1,2
gug,gug,2859,2859,2859,annotA,-1,-1,CAMB,NUS,1,1
gug,gug,2685,2685,2685,annotA,-1,-1,NMT,NUS,2,1
gug,gug,1609,1609,1609,annotA,-1,-1,orig,NUS,2,1
gug,gug,669,669,669,annotB,-1,-1,orig,turk,3,1
gug,gug,669,669,669,annotB,-1,-1,orig,AMU,3,4
gug,gug,669,669,669,annotB,-1,-1,orig,NMT,3,2
gug,gug,669,669,669,annotB,-1,-1,orig,CAMB,3,3
gug,gug,669,669,669,annotB,-1,-1,turk,AMU,1,4
gug,gug,669,669,669,annotB,-1,-1,turk,NMT,1,2
gug,gug,669,669,669,annotB,-1,-1,turk,CAMB,1,3
gug,gug,669,669,669,annotB,-1,-1,AMU,NMT,4,2
gug,gug,669,669,669,annotB,-1,-1,AMU,CAMB,4,3
gug,gug,669,669,669,annotB,-1,-1,NMT,CAMB,2,3
gug,gug,2685,2685,2685,annotB,-1,-1,NMT,CAMB,2,3
gug,gug,2685,2685,2685,annotB,-1,-1,NMT,orig,2,4
gug,gug,2685,2685,2685,annotB,-1,-1,NMT,AMU,2,5
gug,gug,2685,2685,2685,annotB,-1,-1,NMT,turk,2,1
gug,gug,2685,2685,2685,annotB,-1,-1,CAMB,orig,3,4
gug,gug,2685,2685,2685,annotB,-1,-1,CAMB,AMU,3,5
gug,gug,2685,2685,2685,annotB,-1,-1,CAMB,turk,3,1
gug,gug,2685,2685,2685,annotB,-1,-1,orig,AMU,4,5
gug,gug,2685,2685,2685,annotB,-1,-1,orig,turk,4,1
gug,gug,2685,2685,2685,annotB,-1,-1,AMU,turk,5,1
gug,gug,3012,3012,3012,annotB,-1,-1,CAMB,AMU,3,3
gug,gug,3012,3012,3012,annotB,-1,-1,CAMB,turk,3,1
gug,gug,3012,3012,3012,annotB,-1,-1,CAMB,NMT,3,2
gug,gug,3012,3012,3012,annotB,-1,-1,CAMB,orig,3,3
gug,gug,3012,3012,3012,annotB,-1,-1,AMU,turk,3,1
gug,gug,3012,3012,3012,annotB,-1,-1,AMU,NMT,3,2
gug,gug,3012,3012,3012,annotB,-1,-1,AMU,orig,3,3
gug,gug,3012,3012,3012,annotB,-1,-1,turk,NMT,1,2
gug,gug,3012,3012,3012,annotB,-1,-1,turk,orig,1,3
gug,gug,3012,3012,3012,annotB,-1,-1,NMT,orig,2,3
gug,gug,1078,1078,1078,annotB,-1,-1,turk,NMT,1,5
gug,gug,1078,1078,1078,annotB,-1,-1,turk,orig,1,4
gug,gug,1078,1078,1078,annotB,-1,-1,turk,AMU,1,4
gug,gug,1078,1078,1078,annotB,-1,-1,turk,CAMB,1,4
gug,gug,1078,1078,1078,annotB,-1,-1,NMT,orig,5,4
gug,gug,1078,1078,1078,annotB,-1,-1,NMT,AMU,5,4
gug,gug,1078,1078,1078,annotB,-1,-1,NMT,CAMB,5,4
gug,gug,1078,1078,1078,annotB,-1,-1,orig,AMU,4,4
gug,gug,1078,1078,1078,annotB,-1,-1,orig,CAMB,4,4
gug,gug,1078,1078,1078,annotB,-1,-1,AMU,CAMB,4,4
gug,gug,2535,2535,2535,annotB,-1,-1,turk,AMU,2,5
gug,gug,2535,2535,2535,annotB,-1,-1,turk,CAMB,2,5
gug,gug,2535,2535,2535,annotB,-1,-1,turk,orig,2,5
gug,gug,2535,2535,2535,annotB,-1,-1,turk,NMT,2,1
gug,gug,2535,2535,2535,annotB,-1,-1,AMU,CAMB,5,5
gug,gug,2535,2535,2535,annotB,-1,-1,AMU,orig,5,5
gug,gug,2535,2535,2535,annotB,-1,-1,AMU,NMT,5,1
gug,gug,2535,2535,2535,annotB,-1,-1,CAMB,orig,5,5
gug,gug,2535,2535,2535,annotB,-1,-1,CAMB,NMT,5,1
gug,gug,2535,2535,2535,annotB,-1,-1,orig,NMT,5,1
gug,gug,230,230,230,annotB,-1,-1,orig,CAMB,1,2
gug,gug,230,230,230,annotB,-1,-1,orig,AMU,1,2
gug,gug,230,230,230,annotB,-1,-1,orig,NMT,1,1
gug,gug,230,230,230,annotB,-1,-1,orig,turk,1,1
gug,gug,230,230,230,annotB,-1,-1,CAMB,AMU,2,2
gug,gug,230,230,230,annotB,-1,-1,CAMB,NMT,2,1
gug,gug,230,230,230,annotB,-1,-1,CAMB,turk,2,1
gug,gug,230,230,230,annotB,-1,-1,AMU,NMT,2,1
gug,gug,230,230,230,annotB,-1,-1,AMU,turk,2,1
gug,gug,230,230,230,annotB,-1,-1,NMT,turk,1,1
gug,gug,2897,2897,2897,annotB,-1,-1,NMT,AMU,2,3
gug,gug,2897,2897,2897,annotB,-1,-1,NMT,orig,2,5
gug,gug,2897,2897,2897,annotB,-1,-1,NMT,turk,2,1
gug,gug,2897,2897,2897,annotB,-1,-1,NMT,CAMB,2,4
gug,gug,2897,2897,2897,annotB,-1,-1,AMU,orig,3,5
gug,gug,2897,2897,2897,annotB,-1,-1,AMU,turk,3,1
gug,gug,2897,2897,2897,annotB,-1,-1,AMU,CAMB,3,4
gug,gug,2897,2897,2897,annotB,-1,-1,orig,turk,5,1
gug,gug,2897,2897,2897,annotB,-1,-1,orig,CAMB,5,4
gug,gug,2897,2897,2897,annotB,-1,-1,turk,CAMB,1,4
gug,gug,685,685,685,annotB,-1,-1,turk,CAMB,2,1
gug,gug,685,685,685,annotB,-1,-1,turk,orig,2,2
gug,gug,685,685,685,annotB,-1,-1,turk,NMT,2,2
gug,gug,685,685,685,annotB,-1,-1,turk,AMU,2,1
gug,gug,685,685,685,annotB,-1,-1,CAMB,orig,1,2
gug,gug,685,685,685,annotB,-1,-1,CAMB,NMT,1,2
gug,gug,685,685,685,annotB,-1,-1,CAMB,AMU,1,1
gug,gug,685,685,685,annotB,-1,-1,orig,NMT,2,2
gug,gug,685,685,685,annotB,-1,-1,orig,AMU,2,1
gug,gug,685,685,685,annotB,-1,-1,NMT,AMU,2,1
gug,gug,2911,2911,2911,annotB,-1,-1,orig,CAMB,1,1
gug,gug,2911,2911,2911,annotB,-1,-1,orig,turk,1,1
gug,gug,2911,2911,2911,annotB,-1,-1,orig,NMT,1,1
gug,gug,2911,2911,2911,annotB,-1,-1,orig,AMU,1,1
gug,gug,2911,2911,2911,annotB,-1,-1,CAMB,turk,1,1
gug,gug,2911,2911,2911,annotB,-1,-1,CAMB,NMT,1,1
gug,gug,2911,2911,2911,annotB,-1,-1,CAMB,AMU,1,1
gug,gug,2911,2911,2911,annotB,-1,-1,turk,NMT,1,1
gug,gug,2911,2911,2911,annotB,-1,-1,turk,AMU,1,1
gug,gug,2911,2911,2911,annotB,-1,-1,NMT,AMU,1,1
gug,gug,213,213,213,annotB,-1,-1,CAMB,orig,1,5
gug,gug,213,213,213,annotB,-1,-1,CAMB,turk,1,1
gug,gug,213,213,213,annotB,-1,-1,CAMB,NMT,1,1
gug,gug,213,213,213,annotB,-1,-1,CAMB,AMU,1,2
gug,gug,213,213,213,annotB,-1,-1,orig,turk,5,1
gug,gug,213,213,213,annotB,-1,-1,orig,NMT,5,1
gug,gug,213,213,213,annotB,-1,-1,orig,AMU,5,2
gug,gug,213,213,213,annotB,-1,-1,turk,NMT,1,1
gug,gug,213,213,213,annotB,-1,-1,turk,AMU,1,2
gug,gug,213,213,213,annotB,-1,-1,NMT,AMU,1,2
gug,gug,22,22,22,annotB,-1,-1,CAMB,orig,1,5
gug,gug,22,22,22,annotB,-1,-1,CAMB,turk,1,1
gug,gug,22,22,22,annotB,-1,-1,CAMB,NMT,1,1
gug,gug,22,22,22,annotB,-1,-1,CAMB,AMU,1,5
gug,gug,22,22,22,annotB,-1,-1,orig,turk,5,1
gug,gug,22,22,22,annotB,-1,-1,orig,NMT,5,1
gug,gug,22,22,22,annotB,-1,-1,orig,AMU,5,5
gug,gug,22,22,22,annotB,-1,-1,turk,NMT,1,1
gug,gug,22,22,22,annotB,-1,-1,turk,AMU,1,5
gug,gug,22,22,22,annotB,-1,-1,NMT,AMU,1,5
gug,gug,1234,1234,1234,annotB,-1,-1,NMT,orig,1,3
gug,gug,1234,1234,1234,annotB,-1,-1,NMT,turk,1,3
gug,gug,1234,1234,1234,annotB,-1,-1,NMT,AMU,1,3
gug,gug,1234,1234,1234,annotB,-1,-1,NMT,CAMB,1,2
gug,gug,1234,1234,1234,annotB,-1,-1,orig,turk,3,3
gug,gug,1234,1234,1234,annotB,-1,-1,orig,AMU,3,3
gug,gug,1234,1234,1234,annotB,-1,-1,orig,CAMB,3,2
gug,gug,1234,1234,1234,annotB,-1,-1,turk,AMU,3,3
gug,gug,1234,1234,1234,annotB,-1,-1,turk,CAMB,3,2
gug,gug,1234,1234,1234,annotB,-1,-1,AMU,CAMB,3,2
gug,gug,765,765,765,annotB,-1,-1,CAMB,AMU,4,3
gug,gug,765,765,765,annotB,-1,-1,CAMB,NMT,4,5
gug,gug,765,765,765,annotB,-1,-1,CAMB,turk,4,1
gug,gug,765,765,765,annotB,-1,-1,CAMB,orig,4,4
gug,gug,765,765,765,annotB,-1,-1,AMU,NMT,3,5
gug,gug,765,765,765,annotB,-1,-1,AMU,turk,3,1
gug,gug,765,765,765,annotB,-1,-1,AMU,orig,3,4
gug,gug,765,765,765,annotB,-1,-1,NMT,turk,5,1
gug,gug,765,765,765,annotB,-1,-1,NMT,orig,5,4
gug,gug,765,765,765,annotB,-1,-1,turk,orig,1,4
gug,gug,329,329,329,annotB,-1,-1,turk,CAMB,1,4
gug,gug,329,329,329,annotB,-1,-1,turk,orig,1,5
gug,gug,329,329,329,annotB,-1,-1,turk,NMT,1,3
gug,gug,329,329,329,annotB,-1,-1,turk,AMU,1,2
gug,gug,329,329,329,annotB,-1,-1,CAMB,orig,4,5
gug,gug,329,329,329,annotB,-1,-1,CAMB,NMT,4,3
gug,gug,329,329,329,annotB,-1,-1,CAMB,AMU,4,2
gug,gug,329,329,329,annotB,-1,-1,orig,NMT,5,3
gug,gug,329,329,329,annotB,-1,-1,orig,AMU,5,2
gug,gug,329,329,329,annotB,-1,-1,NMT,AMU,3,2
gug,gug,1390,1390,1390,annotB,-1,-1,CAMB,NMT,5,2
gug,gug,1390,1390,1390,annotB,-1,-1,CAMB,AMU,5,5
gug,gug,1390,1390,1390,annotB,-1,-1,CAMB,turk,5,1
gug,gug,1390,1390,1390,annotB,-1,-1,CAMB,orig,5,5
gug,gug,1390,1390,1390,annotB,-1,-1,NMT,AMU,2,5
gug,gug,1390,1390,1390,annotB,-1,-1,NMT,turk,2,1
gug,gug,1390,1390,1390,annotB,-1,-1,NMT,orig,2,5
gug,gug,1390,1390,1390,annotB,-1,-1,AMU,turk,5,1
gug,gug,1390,1390,1390,annotB,-1,-1,AMU,orig,5,5
gug,gug,1390,1390,1390,annotB,-1,-1,turk,orig,1,5
gug,gug,1942,1942,1942,annotB,-1,-1,CAMB,turk,3,1
gug,gug,1942,1942,1942,annotB,-1,-1,CAMB,AMU,3,3
gug,gug,1942,1942,1942,annotB,-1,-1,CAMB,orig,3,3
gug,gug,1942,1942,1942,annotB,-1,-1,CAMB,NMT,3,2
gug,gug,1942,1942,1942,annotB,-1,-1,turk,AMU,1,3
gug,gug,1942,1942,1942,annotB,-1,-1,turk,orig,1,3
gug,gug,1942,1942,1942,annotB,-1,-1,turk,NMT,1,2
gug,gug,1942,1942,1942,annotB,-1,-1,AMU,orig,3,3
gug,gug,1942,1942,1942,annotB,-1,-1,AMU,NMT,3,2
gug,gug,1942,1942,1942,annotB,-1,-1,orig,NMT,3,2
gug,gug,637,637,637,annotB,-1,-1,NMT,turk,1,1
gug,gug,637,637,637,annotB,-1,-1,NMT,AMU,1,2
gug,gug,637,637,637,annotB,-1,-1,NMT,CAMB,1,2
gug,gug,637,637,637,annotB,-1,-1,NMT,orig,1,2
gug,gug,637,637,637,annotB,-1,-1,turk,AMU,1,2
gug,gug,637,637,637,annotB,-1,-1,turk,CAMB,1,2
gug,gug,637,637,637,annotB,-1,-1,turk,orig,1,2
gug,gug,637,637,637,annotB,-1,-1,AMU,CAMB,2,2
gug,gug,637,637,637,annotB,-1,-1,AMU,orig,2,2
gug,gug,637,637,637,annotB,-1,-1,CAMB,orig,2,2
gug,gug,2877,2877,2877,annotB,-1,-1,CAMB,orig,2,5
gug,gug,2877,2877,2877,annotB,-1,-1,CAMB,NMT,2,3
gug,gug,2877,2877,2877,annotB,-1,-1,CAMB,turk,2,1
gug,gug,2877,2877,2877,annotB,-1,-1,CAMB,AMU,2,4
gug,gug,2877,2877,2877,annotB,-1,-1,orig,NMT,5,3
gug,gug,2877,2877,2877,annotB,-1,-1,orig,turk,5,1
gug,gug,2877,2877,2877,annotB,-1,-1,orig,AMU,5,4
gug,gug,2877,2877,2877,annotB,-1,-1,NMT,turk,3,1
gug,gug,2877,2877,2877,annotB,-1,-1,NMT,AMU,3,4
gug,gug,2877,2877,2877,annotB,-1,-1,turk,AMU,1,4
gug,gug,208,208,208,annotB,-1,-1,CAMB,AMU,2,3
gug,gug,208,208,208,annotB,-1,-1,CAMB,NMT,2,4
gug,gug,208,208,208,annotB,-1,-1,CAMB,orig,2,5
gug,gug,208,208,208,annotB,-1,-1,CAMB,turk,2,1
gug,gug,208,208,208,annotB,-1,-1,AMU,NMT,3,4
gug,gug,208,208,208,annotB,-1,-1,AMU,orig,3,5
gug,gug,208,208,208,annotB,-1,-1,AMU,turk,3,1
gug,gug,208,208,208,annotB,-1,-1,NMT,orig,4,5
gug,gug,208,208,208,annotB,-1,-1,NMT,turk,4,1
gug,gug,208,208,208,annotB,-1,-1,orig,turk,5,1
gug,gug,1967,1967,1967,annotB,-1,-1,NMT,CAMB,5,2
gug,gug,1967,1967,1967,annotB,-1,-1,NMT,turk,5,1
gug,gug,1967,1967,1967,annotB,-1,-1,NMT,AMU,5,5
gug,gug,1967,1967,1967,annotB,-1,-1,NMT,orig,5,2
gug,gug,1967,1967,1967,annotB,-1,-1,CAMB,turk,2,1
gug,gug,1967,1967,1967,annotB,-1,-1,CAMB,AMU,2,5
gug,gug,1967,1967,1967,annotB,-1,-1,CAMB,orig,2,2
gug,gug,1967,1967,1967,annotB,-1,-1,turk,AMU,1,5
gug,gug,1967,1967,1967,annotB,-1,-1,turk,orig,1,2
gug,gug,1967,1967,1967,annotB,-1,-1,AMU,orig,5,2
gug,gug,3043,3043,3043,annotB,-1,-1,CAMB,turk,2,1
gug,gug,3043,3043,3043,annotB,-1,-1,CAMB,AMU,2,4
gug,gug,3043,3043,3043,annotB,-1,-1,CAMB,NMT,2,5
gug,gug,3043,3043,3043,annotB,-1,-1,CAMB,orig,2,4
gug,gug,3043,3043,3043,annotB,-1,-1,turk,AMU,1,4
gug,gug,3043,3043,3043,annotB,-1,-1,turk,NMT,1,5
gug,gug,3043,3043,3043,annotB,-1,-1,turk,orig,1,4
gug,gug,3043,3043,3043,annotB,-1,-1,AMU,NMT,4,5
gug,gug,3043,3043,3043,annotB,-1,-1,AMU,orig,4,4
gug,gug,3043,3043,3043,annotB,-1,-1,NMT,orig,5,4
gug,gug,323,323,323,annotB,-1,-1,NMT,CAMB,1,2
gug,gug,323,323,323,annotB,-1,-1,NMT,AMU,1,2
gug,gug,323,323,323,annotB,-1,-1,NMT,turk,1,1
gug,gug,323,323,323,annotB,-1,-1,NMT,orig,1,2
gug,gug,323,323,323,annotB,-1,-1,CAMB,AMU,2,2
gug,gug,323,323,323,annotB,-1,-1,CAMB,turk,2,1
gug,gug,323,323,323,annotB,-1,-1,CAMB,orig,2,2
gug,gug,323,323,323,annotB,-1,-1,AMU,turk,2,1
gug,gug,323,323,323,annotB,-1,-1,AMU,orig,2,2
gug,gug,323,323,323,annotB,-1,-1,turk,orig,1,2
gug,gug,1222,1222,1222,annotB,-1,-1,orig,AMU,5,4
gug,gug,1222,1222,1222,annotB,-1,-1,orig,turk,5,1
gug,gug,1222,1222,1222,annotB,-1,-1,orig,CAMB,5,3
gug,gug,1222,1222,1222,annotB,-1,-1,orig,NMT,5,2
gug,gug,1222,1222,1222,annotB,-1,-1,AMU,turk,4,1
gug,gug,1222,1222,1222,annotB,-1,-1,AMU,CAMB,4,3
gug,gug,1222,1222,1222,annotB,-1,-1,AMU,NMT,4,2
gug,gug,1222,1222,1222,annotB,-1,-1,turk,CAMB,1,3
gug,gug,1222,1222,1222,annotB,-1,-1,turk,NMT,1,2
gug,gug,1222,1222,1222,annotB,-1,-1,CAMB,NMT,3,2
gug,gug,2248,2248,2248,annotB,-1,-1,NMT,CAMB,3,4
gug,gug,2248,2248,2248,annotB,-1,-1,NMT,turk,3,1
gug,gug,2248,2248,2248,annotB,-1,-1,NMT,orig,3,4
gug,gug,2248,2248,2248,annotB,-1,-1,NMT,AMU,3,2
gug,gug,2248,2248,2248,annotB,-1,-1,CAMB,turk,4,1
gug,gug,2248,2248,2248,annotB,-1,-1,CAMB,orig,4,4
gug,gug,2248,2248,2248,annotB,-1,-1,CAMB,AMU,4,2
gug,gug,2248,2248,2248,annotB,-1,-1,turk,orig,1,4
gug,gug,2248,2248,2248,annotB,-1,-1,turk,AMU,1,2
gug,gug,2248,2248,2248,annotB,-1,-1,orig,AMU,4,2
gug,gug,655,655,655,annotB,-1,-1,CAMB,turk,2,1
gug,gug,655,655,655,annotB,-1,-1,CAMB,orig,2,2
gug,gug,655,655,655,annotB,-1,-1,CAMB,NMT,2,3
gug,gug,655,655,655,annotB,-1,-1,CAMB,AMU,2,2
gug,gug,655,655,655,annotB,-1,-1,turk,orig,1,2
gug,gug,655,655,655,annotB,-1,-1,turk,NMT,1,3
gug,gug,655,655,655,annotB,-1,-1,turk,AMU,1,2
gug,gug,655,655,655,annotB,-1,-1,orig,NMT,2,3
gug,gug,655,655,655,annotB,-1,-1,orig,AMU,2,2
gug,gug,655,655,655,annotB,-1,-1,NMT,AMU,3,2
gug,gug,2733,2733,2733,annotB,-1,-1,turk,CAMB,3,2
gug,gug,2733,2733,2733,annotB,-1,-1,turk,NMT,3,1
gug,gug,2733,2733,2733,annotB,-1,-1,turk,AMU,3,5
gug,gug,2733,2733,2733,annotB,-1,-1,turk,orig,3,5
gug,gug,2733,2733,2733,annotB,-1,-1,CAMB,NMT,2,1
gug,gug,2733,2733,2733,annotB,-1,-1,CAMB,AMU,2,5
gug,gug,2733,2733,2733,annotB,-1,-1,CAMB,orig,2,5
gug,gug,2733,2733,2733,annotB,-1,-1,NMT,AMU,1,5
gug,gug,2733,2733,2733,annotB,-1,-1,NMT,orig,1,5
gug,gug,2733,2733,2733,annotB,-1,-1,AMU,orig,5,5
gug,gug,2196,2196,2196,annotB,-1,-1,turk,AMU,1,3
gug,gug,2196,2196,2196,annotB,-1,-1,turk,NMT,1,2
gug,gug,2196,2196,2196,annotB,-1,-1,turk,orig,1,4
gug,gug,2196,2196,2196,annotB,-1,-1,turk,CAMB,1,4
gug,gug,2196,2196,2196,annotB,-1,-1,AMU,NMT,3,2
gug,gug,2196,2196,2196,annotB,-1,-1,AMU,orig,3,4
gug,gug,2196,2196,2196,annotB,-1,-1,AMU,CAMB,3,4
gug,gug,2196,2196,2196,annotB,-1,-1,NMT,orig,2,4
gug,gug,2196,2196,2196,annotB,-1,-1,NMT,CAMB,2,4
gug,gug,2196,2196,2196,annotB,-1,-1,orig,CAMB,4,4
gug,gug,2094,2094,2094,annotB,-1,-1,NMT,AMU,2,1
gug,gug,2094,2094,2094,annotB,-1,-1,NMT,turk,2,1
gug,gug,2094,2094,2094,annotB,-1,-1,NMT,orig,2,1
gug,gug,2094,2094,2094,annotB,-1,-1,NMT,CAMB,2,2
gug,gug,2094,2094,2094,annotB,-1,-1,AMU,turk,1,1
gug,gug,2094,2094,2094,annotB,-1,-1,AMU,orig,1,1
gug,gug,2094,2094,2094,annotB,-1,-1,AMU,CAMB,1,2
gug,gug,2094,2094,2094,annotB,-1,-1,turk,orig,1,1
gug,gug,2094,2094,2094,annotB,-1,-1,turk,CAMB,1,2
gug,gug,2094,2094,2094,annotB,-1,-1,orig,CAMB,1,2
gug,gug,45,45,45,annotB,-1,-1,turk,CAMB,1,1
gug,gug,45,45,45,annotB,-1,-1,turk,NMT,1,1
gug,gug,45,45,45,annotB,-1,-1,turk,orig,1,5
gug,gug,45,45,45,annotB,-1,-1,turk,AMU,1,1
gug,gug,45,45,45,annotB,-1,-1,CAMB,NMT,1,1
gug,gug,45,45,45,annotB,-1,-1,CAMB,orig,1,5
gug,gug,45,45,45,annotB,-1,-1,CAMB,AMU,1,1
gug,gug,45,45,45,annotB,-1,-1,NMT,orig,1,5
gug,gug,45,45,45,annotB,-1,-1,NMT,AMU,1,1
gug,gug,45,45,45,annotB,-1,-1,orig,AMU,5,1
gug,gug,1504,1504,1504,annotB,-1,-1,orig,turk,4,2
gug,gug,1504,1504,1504,annotB,-1,-1,orig,AMU,4,4
gug,gug,1504,1504,1504,annotB,-1,-1,orig,NMT,4,1
gug,gug,1504,1504,1504,annotB,-1,-1,orig,CAMB,4,5
gug,gug,1504,1504,1504,annotB,-1,-1,turk,AMU,2,4
gug,gug,1504,1504,1504,annotB,-1,-1,turk,NMT,2,1
gug,gug,1504,1504,1504,annotB,-1,-1,turk,CAMB,2,5
gug,gug,1504,1504,1504,annotB,-1,-1,AMU,NMT,4,1
gug,gug,1504,1504,1504,annotB,-1,-1,AMU,CAMB,4,5
gug,gug,1504,1504,1504,annotB,-1,-1,NMT,CAMB,1,5
gug,gug,1828,1828,1828,annotB,-1,-1,turk,orig,1,2
gug,gug,1828,1828,1828,annotB,-1,-1,turk,NMT,1,2
gug,gug,1828,1828,1828,annotB,-1,-1,turk,CAMB,1,5
gug,gug,1828,1828,1828,annotB,-1,-1,turk,AMU,1,2
gug,gug,1828,1828,1828,annotB,-1,-1,orig,NMT,2,2
gug,gug,1828,1828,1828,annotB,-1,-1,orig,CAMB,2,5
gug,gug,1828,1828,1828,annotB,-1,-1,orig,AMU,2,2
gug,gug,1828,1828,1828,annotB,-1,-1,NMT,CAMB,2,5
gug,gug,1828,1828,1828,annotB,-1,-1,NMT,AMU,2,2
gug,gug,1828,1828,1828,annotB,-1,-1,CAMB,AMU,5,2
gug,gug,2,2,2,annotB,-1,-1,NMT,CAMB,2,5
gug,gug,2,2,2,annotB,-1,-1,NMT,orig,2,5
gug,gug,2,2,2,annotB,-1,-1,NMT,AMU,2,5
gug,gug,2,2,2,annotB,-1,-1,NMT,turk,2,1
gug,gug,2,2,2,annotB,-1,-1,CAMB,orig,5,5
gug,gug,2,2,2,annotB,-1,-1,CAMB,AMU,5,5
gug,gug,2,2,2,annotB,-1,-1,CAMB,turk,5,1
gug,gug,2,2,2,annotB,-1,-1,orig,AMU,5,5
gug,gug,2,2,2,annotB,-1,-1,orig,turk,5,1
gug,gug,2,2,2,annotB,-1,-1,AMU,turk,5,1
gug,gug,1925,1925,1925,annotB,-1,-1,orig,NMT,2,2
gug,gug,1925,1925,1925,annotB,-1,-1,orig,CAMB,2,5
gug,gug,1925,1925,1925,annotB,-1,-1,orig,turk,2,1
gug,gug,1925,1925,1925,annotB,-1,-1,orig,AMU,2,2
gug,gug,1925,1925,1925,annotB,-1,-1,NMT,CAMB,2,5
gug,gug,1925,1925,1925,annotB,-1,-1,NMT,turk,2,1
gug,gug,1925,1925,1925,annotB,-1,-1,NMT,AMU,2,2
gug,gug,1925,1925,1925,annotB,-1,-1,CAMB,turk,5,1
gug,gug,1925,1925,1925,annotB,-1,-1,CAMB,AMU,5,2
gug,gug,1925,1925,1925,annotB,-1,-1,turk,AMU,1,2
gug,gug,134,134,134,annotB,-1,-1,orig,NMT,5,4
gug,gug,134,134,134,annotB,-1,-1,orig,AMU,5,2
gug,gug,134,134,134,annotB,-1,-1,orig,turk,5,1
gug,gug,134,134,134,annotB,-1,-1,orig,CAMB,5,2
gug,gug,134,134,134,annotB,-1,-1,NMT,AMU,4,2
gug,gug,134,134,134,annotB,-1,-1,NMT,turk,4,1
gug,gug,134,134,134,annotB,-1,-1,NMT,CAMB,4,2
gug,gug,134,134,134,annotB,-1,-1,AMU,turk,2,1
gug,gug,134,134,134,annotB,-1,-1,AMU,CAMB,2,2
gug,gug,134,134,134,annotB,-1,-1,turk,CAMB,1,2
gug,gug,1571,1571,1571,annotB,-1,-1,orig,NMT,1,1
gug,gug,1571,1571,1571,annotB,-1,-1,orig,turk,1,1
gug,gug,1571,1571,1571,annotB,-1,-1,orig,CAMB,1,1
gug,gug,1571,1571,1571,annotB,-1,-1,orig,AMU,1,1
gug,gug,1571,1571,1571,annotB,-1,-1,NMT,turk,1,1
gug,gug,1571,1571,1571,annotB,-1,-1,NMT,CAMB,1,1
gug,gug,1571,1571,1571,annotB,-1,-1,NMT,AMU,1,1
gug,gug,1571,1571,1571,annotB,-1,-1,turk,CAMB,1,1
gug,gug,1571,1571,1571,annotB,-1,-1,turk,AMU,1,1
gug,gug,1571,1571,1571,annotB,-1,-1,CAMB,AMU,1,1
gug,gug,476,476,476,annotB,-1,-1,AMU,turk,3,1
gug,gug,476,476,476,annotB,-1,-1,AMU,orig,3,5
gug,gug,476,476,476,annotB,-1,-1,AMU,NMT,3,2
gug,gug,476,476,476,annotB,-1,-1,AMU,CAMB,3,5
gug,gug,476,476,476,annotB,-1,-1,turk,orig,1,5
gug,gug,476,476,476,annotB,-1,-1,turk,NMT,1,2
gug,gug,476,476,476,annotB,-1,-1,turk,CAMB,1,5
gug,gug,476,476,476,annotB,-1,-1,orig,NMT,5,2
gug,gug,476,476,476,annotB,-1,-1,orig,CAMB,5,5
gug,gug,476,476,476,annotB,-1,-1,NMT,CAMB,2,5
gug,gug,361,361,361,annotB,-1,-1,turk,NMT,1,2
gug,gug,361,361,361,annotB,-1,-1,turk,orig,1,2
gug,gug,361,361,361,annotB,-1,-1,turk,AMU,1,2
gug,gug,361,361,361,annotB,-1,-1,turk,CAMB,1,2
gug,gug,361,361,361,annotB,-1,-1,NMT,orig,2,2
gug,gug,361,361,361,annotB,-1,-1,NMT,AMU,2,2
gug,gug,361,361,361,annotB,-1,-1,NMT,CAMB,2,2
gug,gug,361,361,361,annotB,-1,-1,orig,AMU,2,2
gug,gug,361,361,361,annotB,-1,-1,orig,CAMB,2,2
gug,gug,361,361,361,annotB,-1,-1,AMU,CAMB,2,2
gug,gug,1181,1181,1181,annotB,-1,-1,AMU,NMT,4,2
gug,gug,1181,1181,1181,annotB,-1,-1,AMU,turk,4,1
gug,gug,1181,1181,1181,annotB,-1,-1,AMU,CAMB,4,3
gug,gug,1181,1181,1181,annotB,-1,-1,AMU,orig,4,4
gug,gug,1181,1181,1181,annotB,-1,-1,NMT,turk,2,1
gug,gug,1181,1181,1181,annotB,-1,-1,NMT,CAMB,2,3
gug,gug,1181,1181,1181,annotB,-1,-1,NMT,orig,2,4
gug,gug,1181,1181,1181,annotB,-1,-1,turk,CAMB,1,3
gug,gug,1181,1181,1181,annotB,-1,-1,turk,orig,1,4
gug,gug,1181,1181,1181,annotB,-1,-1,CAMB,orig,3,4
gug,gug,1654,1654,1654,annotB,-1,-1,NMT,AMU,2,1
gug,gug,1654,1654,1654,annotB,-1,-1,NMT,turk,2,3
gug,gug,1654,1654,1654,annotB,-1,-1,NMT,orig,2,3
gug,gug,1654,1654,1654,annotB,-1,-1,NMT,CAMB,2,2
gug,gug,1654,1654,1654,annotB,-1,-1,AMU,turk,1,3
gug,gug,1654,1654,1654,annotB,-1,-1,AMU,orig,1,3
gug,gug,1654,1654,1654,annotB,-1,-1,AMU,CAMB,1,2
gug,gug,1654,1654,1654,annotB,-1,-1,turk,orig,3,3
gug,gug,1654,1654,1654,annotB,-1,-1,turk,CAMB,3,2
gug,gug,1654,1654,1654,annotB,-1,-1,orig,CAMB,3,2
gug,gug,1946,1946,1946,annotB,-1,-1,NMT,orig,2,3
gug,gug,1946,1946,1946,annotB,-1,-1,NMT,AMU,2,3
gug,gug,1946,1946,1946,annotB,-1,-1,NMT,CAMB,2,3
gug,gug,1946,1946,1946,annotB,-1,-1,NMT,turk,2,1
gug,gug,1946,1946,1946,annotB,-1,-1,orig,AMU,3,3
gug,gug,1946,1946,1946,annotB,-1,-1,orig,CAMB,3,3
gug,gug,1946,1946,1946,annotB,-1,-1,orig,turk,3,1
gug,gug,1946,1946,1946,annotB,-1,-1,AMU,CAMB,3,3
gug,gug,1946,1946,1946,annotB,-1,-1,AMU,turk,3,1
gug,gug,1946,1946,1946,annotB,-1,-1,CAMB,turk,3,1
gug,gug,2340,2340,2340,annotB,-1,-1,NMT,orig,1,4
gug,gug,2340,2340,2340,annotB,-1,-1,NMT,turk,1,2
gug,gug,2340,2340,2340,annotB,-1,-1,NMT,CAMB,1,4
gug,gug,2340,2340,2340,annotB,-1,-1,NMT,AMU,1,3
gug,gug,2340,2340,2340,annotB,-1,-1,orig,turk,4,2
gug,gug,2340,2340,2340,annotB,-1,-1,orig,CAMB,4,4
gug,gug,2340,2340,2340,annotB,-1,-1,orig,AMU,4,3
gug,gug,2340,2340,2340,annotB,-1,-1,turk,CAMB,2,4
gug,gug,2340,2340,2340,annotB,-1,-1,turk,AMU,2,3
gug,gug,2340,2340,2340,annotB,-1,-1,CAMB,AMU,4,3
gug,gug,3031,3031,3031,annotB,-1,-1,orig,CAMB,4,4
gug,gug,3031,3031,3031,annotB,-1,-1,orig,AMU,4,3
gug,gug,3031,3031,3031,annotB,-1,-1,orig,NMT,4,2
gug,gug,3031,3031,3031,annotB,-1,-1,orig,turk,4,1
gug,gug,3031,3031,3031,annotB,-1,-1,CAMB,AMU,4,3
gug,gug,3031,3031,3031,annotB,-1,-1,CAMB,NMT,4,2
gug,gug,3031,3031,3031,annotB,-1,-1,CAMB,turk,4,1
gug,gug,3031,3031,3031,annotB,-1,-1,AMU,NMT,3,2
gug,gug,3031,3031,3031,annotB,-1,-1,AMU,turk,3,1
gug,gug,3031,3031,3031,annotB,-1,-1,NMT,turk,2,1
gug,gug,2042,2042,2042,annotB,-1,-1,orig,NMT,2,1
gug,gug,2042,2042,2042,annotB,-1,-1,orig,turk,2,1
gug,gug,2042,2042,2042,annotB,-1,-1,orig,CAMB,2,2
gug,gug,2042,2042,2042,annotB,-1,-1,orig,AMU,2,2
gug,gug,2042,2042,2042,annotB,-1,-1,NMT,turk,1,1
gug,gug,2042,2042,2042,annotB,-1,-1,NMT,CAMB,1,2
gug,gug,2042,2042,2042,annotB,-1,-1,NMT,AMU,1,2
gug,gug,2042,2042,2042,annotB,-1,-1,turk,CAMB,1,2
gug,gug,2042,2042,2042,annotB,-1,-1,turk,AMU,1,2
gug,gug,2042,2042,2042,annotB,-1,-1,CAMB,AMU,2,2
gug,gug,3108,3108,3108,annotB,-1,-1,turk,orig,1,5
gug,gug,3108,3108,3108,annotB,-1,-1,turk,AMU,1,5
gug,gug,3108,3108,3108,annotB,-1,-1,turk,CAMB,1,3
gug,gug,3108,3108,3108,annotB,-1,-1,turk,NMT,1,2
gug,gug,3108,3108,3108,annotB,-1,-1,orig,AMU,5,5
gug,gug,3108,3108,3108,annotB,-1,-1,orig,CAMB,5,3
gug,gug,3108,3108,3108,annotB,-1,-1,orig,NMT,5,2
gug,gug,3108,3108,3108,annotB,-1,-1,AMU,CAMB,5,3
gug,gug,3108,3108,3108,annotB,-1,-1,AMU,NMT,5,2
gug,gug,3108,3108,3108,annotB,-1,-1,CAMB,NMT,3,2
gug,gug,1672,1672,1672,annotB,-1,-1,orig,turk,2,2
gug,gug,1672,1672,1672,annotB,-1,-1,orig,NMT,2,1
gug,gug,1672,1672,1672,annotB,-1,-1,orig,AMU,2,2
gug,gug,1672,1672,1672,annotB,-1,-1,orig,CAMB,2,1
gug,gug,1672,1672,1672,annotB,-1,-1,turk,NMT,2,1
gug,gug,1672,1672,1672,annotB,-1,-1,turk,AMU,2,2
gug,gug,1672,1672,1672,annotB,-1,-1,turk,CAMB,2,1
gug,gug,1672,1672,1672,annotB,-1,-1,NMT,AMU,1,2
gug,gug,1672,1672,1672,annotB,-1,-1,NMT,CAMB,1,1
gug,gug,1672,1672,1672,annotB,-1,-1,AMU,CAMB,2,1
gug,gug,162,162,162,annotB,-1,-1,turk,AMU,1,2
gug,gug,162,162,162,annotB,-1,-1,turk,CAMB,1,5
gug,gug,162,162,162,annotB,-1,-1,turk,orig,1,3
gug,gug,162,162,162,annotB,-1,-1,turk,NMT,1,3
gug,gug,162,162,162,annotB,-1,-1,AMU,CAMB,2,5
gug,gug,162,162,162,annotB,-1,-1,AMU,orig,2,3
gug,gug,162,162,162,annotB,-1,-1,AMU,NMT,2,3
gug,gug,162,162,162,annotB,-1,-1,CAMB,orig,5,3
gug,gug,162,162,162,annotB,-1,-1,CAMB,NMT,5,3
gug,gug,162,162,162,annotB,-1,-1,orig,NMT,3,3
gug,gug,16,16,16,annotB,-1,-1,CAMB,AMU,5,3
gug,gug,16,16,16,annotB,-1,-1,CAMB,NMT,5,2
gug,gug,16,16,16,annotB,-1,-1,CAMB,turk,5,1
gug,gug,16,16,16,annotB,-1,-1,CAMB,orig,5,5
gug,gug,16,16,16,annotB,-1,-1,AMU,NMT,3,2
gug,gug,16,16,16,annotB,-1,-1,AMU,turk,3,1
gug,gug,16,16,16,annotB,-1,-1,AMU,orig,3,5
gug,gug,16,16,16,annotB,-1,-1,NMT,turk,2,1
gug,gug,16,16,16,annotB,-1,-1,NMT,orig,2,5
gug,gug,16,16,16,annotB,-1,-1,turk,orig,1,5
gug,gug,3082,3082,3082,annotB,-1,-1,NMT,AMU,3,2
gug,gug,3082,3082,3082,annotB,-1,-1,NMT,orig,3,2
gug,gug,3082,3082,3082,annotB,-1,-1,NMT,CAMB,3,2
gug,gug,3082,3082,3082,annotB,-1,-1,NMT,turk,3,1
gug,gug,3082,3082,3082,annotB,-1,-1,AMU,orig,2,2
gug,gug,3082,3082,3082,annotB,-1,-1,AMU,CAMB,2,2
gug,gug,3082,3082,3082,annotB,-1,-1,AMU,turk,2,1
gug,gug,3082,3082,3082,annotB,-1,-1,orig,CAMB,2,2
gug,gug,3082,3082,3082,annotB,-1,-1,orig,turk,2,1
gug,gug,3082,3082,3082,annotB,-1,-1,CAMB,turk,2,1
gug,gug,1220,1220,1220,annotB,-1,-1,CAMB,NMT,5,4
gug,gug,1220,1220,1220,annotB,-1,-1,CAMB,turk,5,1
gug,gug,1220,1220,1220,annotB,-1,-1,CAMB,orig,5,3
gug,gug,1220,1220,1220,annotB,-1,-1,CAMB,AMU,5,3
gug,gug,1220,1220,1220,annotB,-1,-1,NMT,turk,4,1
gug,gug,1220,1220,1220,annotB,-1,-1,NMT,orig,4,3
gug,gug,1220,1220,1220,annotB,-1,-1,NMT,AMU,4,3
gug,gug,1220,1220,1220,annotB,-1,-1,turk,orig,1,3
gug,gug,1220,1220,1220,annotB,-1,-1,turk,AMU,1,3
gug,gug,1220,1220,1220,annotB,-1,-1,orig,AMU,3,3
gug,gug,181,181,181,annotB,-1,-1,turk,CAMB,2,1
gug,gug,181,181,181,annotB,-1,-1,turk,AMU,2,3
gug,gug,181,181,181,annotB,-1,-1,turk,orig,2,3
gug,gug,181,181,181,annotB,-1,-1,turk,NMT,2,3
gug,gug,181,181,181,annotB,-1,-1,CAMB,AMU,1,3
gug,gug,181,181,181,annotB,-1,-1,CAMB,orig,1,3
gug,gug,181,181,181,annotB,-1,-1,CAMB,NMT,1,3
gug,gug,181,181,181,annotB,-1,-1,AMU,orig,3,3
gug,gug,181,181,181,annotB,-1,-1,AMU,NMT,3,3
gug,gug,181,181,181,annotB,-1,-1,orig,NMT,3,3
gug,gug,1130,1130,1130,annotB,-1,-1,orig,AMU,5,3
gug,gug,1130,1130,1130,annotB,-1,-1,orig,NMT,5,2
gug,gug,1130,1130,1130,annotB,-1,-1,orig,turk,5,1
gug,gug,1130,1130,1130,annotB,-1,-1,orig,CAMB,5,4
gug,gug,1130,1130,1130,annotB,-1,-1,AMU,NMT,3,2
gug,gug,1130,1130,1130,annotB,-1,-1,AMU,turk,3,1
gug,gug,1130,1130,1130,annotB,-1,-1,AMU,CAMB,3,4
gug,gug,1130,1130,1130,annotB,-1,-1,NMT,turk,2,1
gug,gug,1130,1130,1130,annotB,-1,-1,NMT,CAMB,2,4
gug,gug,1130,1130,1130,annotB,-1,-1,turk,CAMB,1,4
gug,gug,864,864,864,annotB,-1,-1,turk,NMT,1,2
gug,gug,864,864,864,annotB,-1,-1,turk,AMU,1,4
gug,gug,864,864,864,annotB,-1,-1,turk,CAMB,1,3
gug,gug,864,864,864,annotB,-1,-1,turk,orig,1,5
gug,gug,864,864,864,annotB,-1,-1,NMT,AMU,2,4
gug,gug,864,864,864,annotB,-1,-1,NMT,CAMB,2,3
gug,gug,864,864,864,annotB,-1,-1,NMT,orig,2,5
gug,gug,864,864,864,annotB,-1,-1,AMU,CAMB,4,3
gug,gug,864,864,864,annotB,-1,-1,AMU,orig,4,5
gug,gug,864,864,864,annotB,-1,-1,CAMB,orig,3,5
gug,gug,1331,1331,1331,annotB,-1,-1,turk,orig,1,4
gug,gug,1331,1331,1331,annotB,-1,-1,turk,CAMB,1,4
gug,gug,1331,1331,1331,annotB,-1,-1,turk,NMT,1,5
gug,gug,1331,1331,1331,annotB,-1,-1,turk,AMU,1,4
gug,gug,1331,1331,1331,annotB,-1,-1,orig,CAMB,4,4
gug,gug,1331,1331,1331,annotB,-1,-1,orig,NMT,4,5
gug,gug,1331,1331,1331,annotB,-1,-1,orig,AMU,4,4
gug,gug,1331,1331,1331,annotB,-1,-1,CAMB,NMT,4,5
gug,gug,1331,1331,1331,annotB,-1,-1,CAMB,AMU,4,4
gug,gug,1331,1331,1331,annotB,-1,-1,NMT,AMU,5,4
gug,gug,2616,2616,2616,annotB,-1,-1,NMT,turk,2,1
gug,gug,2616,2616,2616,annotB,-1,-1,NMT,AMU,2,3
gug,gug,2616,2616,2616,annotB,-1,-1,NMT,orig,2,3
gug,gug,2616,2616,2616,annotB,-1,-1,NMT,CAMB,2,3
gug,gug,2616,2616,2616,annotB,-1,-1,turk,AMU,1,3
gug,gug,2616,2616,2616,annotB,-1,-1,turk,orig,1,3
gug,gug,2616,2616,2616,annotB,-1,-1,turk,CAMB,1,3
gug,gug,2616,2616,2616,annotB,-1,-1,AMU,orig,3,3
gug,gug,2616,2616,2616,annotB,-1,-1,AMU,CAMB,3,3
gug,gug,2616,2616,2616,annotB,-1,-1,orig,CAMB,3,3
gug,gug,2913,2913,2913,annotB,-1,-1,turk,AMU,1,1
gug,gug,2913,2913,2913,annotB,-1,-1,turk,orig,1,1
gug,gug,2913,2913,2913,annotB,-1,-1,turk,NMT,1,1
gug,gug,2913,2913,2913,annotB,-1,-1,turk,CAMB,1,1
gug,gug,2913,2913,2913,annotB,-1,-1,AMU,orig,1,1
gug,gug,2913,2913,2913,annotB,-1,-1,AMU,NMT,1,1
gug,gug,2913,2913,2913,annotB,-1,-1,AMU,CAMB,1,1
gug,gug,2913,2913,2913,annotB,-1,-1,orig,NMT,1,1
gug,gug,2913,2913,2913,annotB,-1,-1,orig,CAMB,1,1
gug,gug,2913,2913,2913,annotB,-1,-1,NMT,CAMB,1,1
gug,gug,1569,1569,1569,annotB,-1,-1,turk,AMU,1,4
gug,gug,1569,1569,1569,annotB,-1,-1,turk,NMT,1,2
gug,gug,1569,1569,1569,annotB,-1,-1,turk,orig,1,4
gug,gug,1569,1569,1569,annotB,-1,-1,turk,CAMB,1,4
gug,gug,1569,1569,1569,annotB,-1,-1,AMU,NMT,4,2
gug,gug,1569,1569,1569,annotB,-1,-1,AMU,orig,4,4
gug,gug,1569,1569,1569,annotB,-1,-1,AMU,CAMB,4,4
gug,gug,1569,1569,1569,annotB,-1,-1,NMT,orig,2,4
gug,gug,1569,1569,1569,annotB,-1,-1,NMT,CAMB,2,4
gug,gug,1569,1569,1569,annotB,-1,-1,orig,CAMB,4,4
gug,gug,650,650,650,annotB,-1,-1,turk,AMU,1,3
gug,gug,650,650,650,annotB,-1,-1,turk,orig,1,2
gug,gug,650,650,650,annotB,-1,-1,turk,CAMB,1,2
gug,gug,650,650,650,annotB,-1,-1,turk,NMT,1,2
gug,gug,650,650,650,annotB,-1,-1,AMU,orig,3,2
gug,gug,650,650,650,annotB,-1,-1,AMU,CAMB,3,2
gug,gug,650,650,650,annotB,-1,-1,AMU,NMT,3,2
gug,gug,650,650,650,annotB,-1,-1,orig,CAMB,2,2
gug,gug,650,650,650,annotB,-1,-1,orig,NMT,2,2
gug,gug,650,650,650,annotB,-1,-1,CAMB,NMT,2,2
gug,gug,1670,1670,1670,annotB,-1,-1,CAMB,AMU,2,4
gug,gug,1670,1670,1670,annotB,-1,-1,CAMB,NMT,2,3
gug,gug,1670,1670,1670,annotB,-1,-1,CAMB,turk,2,1
gug,gug,1670,1670,1670,annotB,-1,-1,CAMB,orig,2,5
gug,gug,1670,1670,1670,annotB,-1,-1,AMU,NMT,4,3
gug,gug,1670,1670,1670,annotB,-1,-1,AMU,turk,4,1
gug,gug,1670,1670,1670,annotB,-1,-1,AMU,orig,4,5
gug,gug,1670,1670,1670,annotB,-1,-1,NMT,turk,3,1
gug,gug,1670,1670,1670,annotB,-1,-1,NMT,orig,3,5
gug,gug,1670,1670,1670,annotB,-1,-1,turk,orig,1,5
gug,gug,3084,3084,3084,annotB,-1,-1,orig,turk,2,1
gug,gug,3084,3084,3084,annotB,-1,-1,orig,AMU,2,2
gug,gug,3084,3084,3084,annotB,-1,-1,orig,CAMB,2,2
gug,gug,3084,3084,3084,annotB,-1,-1,orig,NMT,2,2
gug,gug,3084,3084,3084,annotB,-1,-1,turk,AMU,1,2
gug,gug,3084,3084,3084,annotB,-1,-1,turk,CAMB,1,2
gug,gug,3084,3084,3084,annotB,-1,-1,turk,NMT,1,2
gug,gug,3084,3084,3084,annotB,-1,-1,AMU,CAMB,2,2
gug,gug,3084,3084,3084,annotB,-1,-1,AMU,NMT,2,2
gug,gug,3084,3084,3084,annotB,-1,-1,CAMB,NMT,2,2
gug,gug,2120,2120,2120,annotB,-1,-1,CAMB,AMU,5,3
gug,gug,2120,2120,2120,annotB,-1,-1,CAMB,turk,5,1
gug,gug,2120,2120,2120,annotB,-1,-1,CAMB,NMT,5,2
gug,gug,2120,2120,2120,annotB,-1,-1,CAMB,orig,5,4
gug,gug,2120,2120,2120,annotB,-1,-1,AMU,turk,3,1
gug,gug,2120,2120,2120,annotB,-1,-1,AMU,NMT,3,2
gug,gug,2120,2120,2120,annotB,-1,-1,AMU,orig,3,4
gug,gug,2120,2120,2120,annotB,-1,-1,turk,NMT,1,2
gug,gug,2120,2120,2120,annotB,-1,-1,turk,orig,1,4
gug,gug,2120,2120,2120,annotB,-1,-1,NMT,orig,2,4
gug,gug,1639,1639,1639,annotB,-1,-1,turk,CAMB,2,3
gug,gug,1639,1639,1639,annotB,-1,-1,turk,orig,2,3
gug,gug,1639,1639,1639,annotB,-1,-1,turk,AMU,2,3
gug,gug,1639,1639,1639,annotB,-1,-1,turk,NMT,2,1
gug,gug,1639,1639,1639,annotB,-1,-1,CAMB,orig,3,3
gug,gug,1639,1639,1639,annotB,-1,-1,CAMB,AMU,3,3
gug,gug,1639,1639,1639,annotB,-1,-1,CAMB,NMT,3,1
gug,gug,1639,1639,1639,annotB,-1,-1,orig,AMU,3,3
gug,gug,1639,1639,1639,annotB,-1,-1,orig,NMT,3,1
gug,gug,1639,1639,1639,annotB,-1,-1,AMU,NMT,3,1
gug,gug,1971,1971,1971,annotB,-1,-1,turk,AMU,1,1
gug,gug,1971,1971,1971,annotB,-1,-1,turk,NMT,1,1
gug,gug,1971,1971,1971,annotB,-1,-1,turk,CAMB,1,1
gug,gug,1971,1971,1971,annotB,-1,-1,turk,orig,1,1
gug,gug,1971,1971,1971,annotB,-1,-1,AMU,NMT,1,1
gug,gug,1971,1971,1971,annotB,-1,-1,AMU,CAMB,1,1
gug,gug,1971,1971,1971,annotB,-1,-1,AMU,orig,1,1
gug,gug,1971,1971,1971,annotB,-1,-1,NMT,CAMB,1,1
gug,gug,1971,1971,1971,annotB,-1,-1,NMT,orig,1,1
gug,gug,1971,1971,1971,annotB,-1,-1,CAMB,orig,1,1
gug,gug,61,61,61,annotB,-1,-1,turk,CAMB,5,2
gug,gug,61,61,61,annotB,-1,-1,turk,orig,5,5
gug,gug,61,61,61,annotB,-1,-1,turk,NMT,5,2
gug,gug,61,61,61,annotB,-1,-1,turk,AMU,5,1
gug,gug,61,61,61,annotB,-1,-1,CAMB,orig,2,5
gug,gug,61,61,61,annotB,-1,-1,CAMB,NMT,2,2
gug,gug,61,61,61,annotB,-1,-1,CAMB,AMU,2,1
gug,gug,61,61,61,annotB,-1,-1,orig,NMT,5,2
gug,gug,61,61,61,annotB,-1,-1,orig,AMU,5,1
gug,gug,61,61,61,annotB,-1,-1,NMT,AMU,2,1
gug,gug,2065,2065,2065,annotB,-1,-1,NMT,turk,5,1
gug,gug,2065,2065,2065,annotB,-1,-1,NMT,orig,5,3
gug,gug,2065,2065,2065,annotB,-1,-1,NMT,CAMB,5,2
gug,gug,2065,2065,2065,annotB,-1,-1,NMT,AMU,5,3
gug,gug,2065,2065,2065,annotB,-1,-1,turk,orig,1,3
gug,gug,2065,2065,2065,annotB,-1,-1,turk,CAMB,1,2
gug,gug,2065,2065,2065,annotB,-1,-1,turk,AMU,1,3
gug,gug,2065,2065,2065,annotB,-1,-1,orig,CAMB,3,2
gug,gug,2065,2065,2065,annotB,-1,-1,orig,AMU,3,3
gug,gug,2065,2065,2065,annotB,-1,-1,CAMB,AMU,2,3
gug,gug,170,170,170,annotB,-1,-1,orig,NMT,5,3
gug,gug,170,170,170,annotB,-1,-1,orig,CAMB,5,4
gug,gug,170,170,170,annotB,-1,-1,orig,turk,5,1
gug,gug,170,170,170,annotB,-1,-1,orig,AMU,5,3
gug,gug,170,170,170,annotB,-1,-1,NMT,CAMB,3,4
gug,gug,170,170,170,annotB,-1,-1,NMT,turk,3,1
gug,gug,170,170,170,annotB,-1,-1,NMT,AMU,3,3
gug,gug,170,170,170,annotB,-1,-1,CAMB,turk,4,1
gug,gug,170,170,170,annotB,-1,-1,CAMB,AMU,4,3
gug,gug,170,170,170,annotB,-1,-1,turk,AMU,1,3
gug,gug,536,536,536,annotB,-1,-1,orig,turk,4,1
gug,gug,536,536,536,annotB,-1,-1,orig,AMU,4,4
gug,gug,536,536,536,annotB,-1,-1,orig,CAMB,4,2
gug,gug,536,536,536,annotB,-1,-1,orig,NMT,4,3
gug,gug,536,536,536,annotB,-1,-1,turk,AMU,1,4
gug,gug,536,536,536,annotB,-1,-1,turk,CAMB,1,2
gug,gug,536,536,536,annotB,-1,-1,turk,NMT,1,3
gug,gug,536,536,536,annotB,-1,-1,AMU,CAMB,4,2
gug,gug,536,536,536,annotB,-1,-1,AMU,NMT,4,3
gug,gug,536,536,536,annotB,-1,-1,CAMB,NMT,2,3
gug,gug,216,216,216,annotB,-1,-1,NMT,AMU,2,2
gug,gug,216,216,216,annotB,-1,-1,NMT,orig,2,2
gug,gug,216,216,216,annotB,-1,-1,NMT,turk,2,1
gug,gug,216,216,216,annotB,-1,-1,NMT,CAMB,2,2
gug,gug,216,216,216,annotB,-1,-1,AMU,orig,2,2
gug,gug,216,216,216,annotB,-1,-1,AMU,turk,2,1
gug,gug,216,216,216,annotB,-1,-1,AMU,CAMB,2,2
gug,gug,216,216,216,annotB,-1,-1,orig,turk,2,1
gug,gug,216,216,216,annotB,-1,-1,orig,CAMB,2,2
gug,gug,216,216,216,annotB,-1,-1,turk,CAMB,1,2
gug,gug,173,173,173,annotB,-1,-1,turk,orig,1,5
gug,gug,173,173,173,annotB,-1,-1,turk,AMU,1,2
gug,gug,173,173,173,annotB,-1,-1,turk,NMT,1,3
gug,gug,173,173,173,annotB,-1,-1,turk,CAMB,1,4
gug,gug,173,173,173,annotB,-1,-1,orig,AMU,5,2
gug,gug,173,173,173,annotB,-1,-1,orig,NMT,5,3
gug,gug,173,173,173,annotB,-1,-1,orig,CAMB,5,4
gug,gug,173,173,173,annotB,-1,-1,AMU,NMT,2,3
gug,gug,173,173,173,annotB,-1,-1,AMU,CAMB,2,4
gug,gug,173,173,173,annotB,-1,-1,NMT,CAMB,3,4
gug,gug,60,60,60,annotB,-1,-1,AMU,turk,3,1
gug,gug,60,60,60,annotB,-1,-1,AMU,NMT,3,2
gug,gug,60,60,60,annotB,-1,-1,AMU,orig,3,5
gug,gug,60,60,60,annotB,-1,-1,AMU,CAMB,3,3
gug,gug,60,60,60,annotB,-1,-1,turk,NMT,1,2
gug,gug,60,60,60,annotB,-1,-1,turk,orig,1,5
gug,gug,60,60,60,annotB,-1,-1,turk,CAMB,1,3
gug,gug,60,60,60,annotB,-1,-1,NMT,orig,2,5
gug,gug,60,60,60,annotB,-1,-1,NMT,CAMB,2,3
gug,gug,60,60,60,annotB,-1,-1,orig,CAMB,5,3
gug,gug,2691,2691,2691,annotB,-1,-1,orig,AMU,4,3
gug,gug,2691,2691,2691,annotB,-1,-1,orig,CAMB,4,3
gug,gug,2691,2691,2691,annotB,-1,-1,orig,turk,4,1
gug,gug,2691,2691,2691,annotB,-1,-1,orig,NMT,4,2
gug,gug,2691,2691,2691,annotB,-1,-1,AMU,CAMB,3,3
gug,gug,2691,2691,2691,annotB,-1,-1,AMU,turk,3,1
gug,gug,2691,2691,2691,annotB,-1,-1,AMU,NMT,3,2
gug,gug,2691,2691,2691,annotB,-1,-1,CAMB,turk,3,1
gug,gug,2691,2691,2691,annotB,-1,-1,CAMB,NMT,3,2
gug,gug,2691,2691,2691,annotB,-1,-1,turk,NMT,1,2
gug,gug,2480,2480,2480,annotB,-1,-1,AMU,CAMB,2,2
gug,gug,2480,2480,2480,annotB,-1,-1,AMU,orig,2,2
gug,gug,2480,2480,2480,annotB,-1,-1,AMU,NMT,2,3
gug,gug,2480,2480,2480,annotB,-1,-1,AMU,turk,2,1
gug,gug,2480,2480,2480,annotB,-1,-1,CAMB,orig,2,2
gug,gug,2480,2480,2480,annotB,-1,-1,CAMB,NMT,2,3
gug,gug,2480,2480,2480,annotB,-1,-1,CAMB,turk,2,1
gug,gug,2480,2480,2480,annotB,-1,-1,orig,NMT,2,3
gug,gug,2480,2480,2480,annotB,-1,-1,orig,turk,2,1
gug,gug,2480,2480,2480,annotB,-1,-1,NMT,turk,3,1
gug,gug,682,682,682,annotB,-1,-1,AMU,NMT,5,3
gug,gug,682,682,682,annotB,-1,-1,AMU,CAMB,5,2
gug,gug,682,682,682,annotB,-1,-1,AMU,turk,5,1
gug,gug,682,682,682,annotB,-1,-1,AMU,orig,5,5
gug,gug,682,682,682,annotB,-1,-1,NMT,CAMB,3,2
gug,gug,682,682,682,annotB,-1,-1,NMT,turk,3,1
gug,gug,682,682,682,annotB,-1,-1,NMT,orig,3,5
gug,gug,682,682,682,annotB,-1,-1,CAMB,turk,2,1
gug,gug,682,682,682,annotB,-1,-1,CAMB,orig,2,5
gug,gug,682,682,682,annotB,-1,-1,turk,orig,1,5
gug,gug,2570,2570,2570,annotB,-1,-1,orig,CAMB,5,3
gug,gug,2570,2570,2570,annotB,-1,-1,orig,NMT,5,1
gug,gug,2570,2570,2570,annotB,-1,-1,orig,turk,5,2
gug,gug,2570,2570,2570,annotB,-1,-1,orig,AMU,5,4
gug,gug,2570,2570,2570,annotB,-1,-1,CAMB,NMT,3,1
gug,gug,2570,2570,2570,annotB,-1,-1,CAMB,turk,3,2
gug,gug,2570,2570,2570,annotB,-1,-1,CAMB,AMU,3,4
gug,gug,2570,2570,2570,annotB,-1,-1,NMT,turk,1,2
gug,gug,2570,2570,2570,annotB,-1,-1,NMT,AMU,1,4
gug,gug,2570,2570,2570,annotB,-1,-1,turk,AMU,2,4
gug,gug,1226,1226,1226,annotB,-1,-1,NMT,turk,3,1
gug,gug,1226,1226,1226,annotB,-1,-1,NMT,AMU,3,4
gug,gug,1226,1226,1226,annotB,-1,-1,NMT,orig,3,4
gug,gug,1226,1226,1226,annotB,-1,-1,NMT,CAMB,3,2
gug,gug,1226,1226,1226,annotB,-1,-1,turk,AMU,1,4
gug,gug,1226,1226,1226,annotB,-1,-1,turk,orig,1,4
gug,gug,1226,1226,1226,annotB,-1,-1,turk,CAMB,1,2
gug,gug,1226,1226,1226,annotB,-1,-1,AMU,orig,4,4
gug,gug,1226,1226,1226,annotB,-1,-1,AMU,CAMB,4,2
gug,gug,1226,1226,1226,annotB,-1,-1,orig,CAMB,4,2
gug,gug,222,222,222,annotB,-1,-1,CAMB,orig,3,3
gug,gug,222,222,222,annotB,-1,-1,CAMB,NMT,3,2
gug,gug,222,222,222,annotB,-1,-1,CAMB,AMU,3,3
gug,gug,222,222,222,annotB,-1,-1,CAMB,turk,3,1
gug,gug,222,222,222,annotB,-1,-1,orig,NMT,3,2
gug,gug,222,222,222,annotB,-1,-1,orig,AMU,3,3
gug,gug,222,222,222,annotB,-1,-1,orig,turk,3,1
gug,gug,222,222,222,annotB,-1,-1,NMT,AMU,2,3
gug,gug,222,222,222,annotB,-1,-1,NMT,turk,2,1
gug,gug,222,222,222,annotB,-1,-1,AMU,turk,3,1
gug,gug,2000,2000,2000,annotB,-1,-1,CAMB,turk,3,1
gug,gug,2000,2000,2000,annotB,-1,-1,CAMB,AMU,3,3
gug,gug,2000,2000,2000,annotB,-1,-1,CAMB,orig,3,3
gug,gug,2000,2000,2000,annotB,-1,-1,CAMB,NMT,3,2
gug,gug,2000,2000,2000,annotB,-1,-1,turk,AMU,1,3
gug,gug,2000,2000,2000,annotB,-1,-1,turk,orig,1,3
gug,gug,2000,2000,2000,annotB,-1,-1,turk,NMT,1,2
gug,gug,2000,2000,2000,annotB,-1,-1,AMU,orig,3,3
gug,gug,2000,2000,2000,annotB,-1,-1,AMU,NMT,3,2
gug,gug,2000,2000,2000,annotB,-1,-1,orig,NMT,3,2
gug,gug,1540,1540,1540,annotB,-1,-1,CAMB,AMU,2,3
gug,gug,1540,1540,1540,annotB,-1,-1,CAMB,NMT,2,3
gug,gug,1540,1540,1540,annotB,-1,-1,CAMB,orig,2,3
gug,gug,1540,1540,1540,annotB,-1,-1,CAMB,turk,2,1
gug,gug,1540,1540,1540,annotB,-1,-1,AMU,NMT,3,3
gug,gug,1540,1540,1540,annotB,-1,-1,AMU,orig,3,3
gug,gug,1540,1540,1540,annotB,-1,-1,AMU,turk,3,1
gug,gug,1540,1540,1540,annotB,-1,-1,NMT,orig,3,3
gug,gug,1540,1540,1540,annotB,-1,-1,NMT,turk,3,1
gug,gug,1540,1540,1540,annotB,-1,-1,orig,turk,3,1
gug,gug,2115,2115,2115,annotB,-1,-1,AMU,NMT,2,3
gug,gug,2115,2115,2115,annotB,-1,-1,AMU,turk,2,1
gug,gug,2115,2115,2115,annotB,-1,-1,AMU,orig,2,4
gug,gug,2115,2115,2115,annotB,-1,-1,AMU,CAMB,2,5
gug,gug,2115,2115,2115,annotB,-1,-1,NMT,turk,3,1
gug,gug,2115,2115,2115,annotB,-1,-1,NMT,orig,3,4
gug,gug,2115,2115,2115,annotB,-1,-1,NMT,CAMB,3,5
gug,gug,2115,2115,2115,annotB,-1,-1,turk,orig,1,4
gug,gug,2115,2115,2115,annotB,-1,-1,turk,CAMB,1,5
gug,gug,2115,2115,2115,annotB,-1,-1,orig,CAMB,4,5
gug,gug,2125,2125,2125,annotB,-1,-1,NMT,turk,3,2
gug,gug,2125,2125,2125,annotB,-1,-1,NMT,AMU,3,1
gug,gug,2125,2125,2125,annotB,-1,-1,NMT,CAMB,3,5
gug,gug,2125,2125,2125,annotB,-1,-1,NMT,orig,3,5
gug,gug,2125,2125,2125,annotB,-1,-1,turk,AMU,2,1
gug,gug,2125,2125,2125,annotB,-1,-1,turk,CAMB,2,5
gug,gug,2125,2125,2125,annotB,-1,-1,turk,orig,2,5
gug,gug,2125,2125,2125,annotB,-1,-1,AMU,CAMB,1,5
gug,gug,2125,2125,2125,annotB,-1,-1,AMU,orig,1,5
gug,gug,2125,2125,2125,annotB,-1,-1,CAMB,orig,5,5
gug,gug,2615,2615,2615,annotB,-1,-1,orig,NMT,1,1
gug,gug,2615,2615,2615,annotB,-1,-1,orig,CAMB,1,5
gug,gug,2615,2615,2615,annotB,-1,-1,orig,AMU,1,1
gug,gug,2615,2615,2615,annotB,-1,-1,orig,turk,1,1
gug,gug,2615,2615,2615,annotB,-1,-1,NMT,CAMB,1,5
gug,gug,2615,2615,2615,annotB,-1,-1,NMT,AMU,1,1
gug,gug,2615,2615,2615,annotB,-1,-1,NMT,turk,1,1
gug,gug,2615,2615,2615,annotB,-1,-1,CAMB,AMU,5,1
gug,gug,2615,2615,2615,annotB,-1,-1,CAMB,turk,5,1
gug,gug,2615,2615,2615,annotB,-1,-1,AMU,turk,1,1
gug,gug,2237,2237,2237,annotB,-1,-1,CAMB,NMT,4,3
gug,gug,2237,2237,2237,annotB,-1,-1,CAMB,AMU,4,2
gug,gug,2237,2237,2237,annotB,-1,-1,CAMB,turk,4,1
gug,gug,2237,2237,2237,annotB,-1,-1,CAMB,orig,4,5
gug,gug,2237,2237,2237,annotB,-1,-1,NMT,AMU,3,2
gug,gug,2237,2237,2237,annotB,-1,-1,NMT,turk,3,1
gug,gug,2237,2237,2237,annotB,-1,-1,NMT,orig,3,5
gug,gug,2237,2237,2237,annotB,-1,-1,AMU,turk,2,1
gug,gug,2237,2237,2237,annotB,-1,-1,AMU,orig,2,5
gug,gug,2237,2237,2237,annotB,-1,-1,turk,orig,1,5
gug,gug,1245,1245,1245,annotB,-1,-1,orig,turk,3,1
gug,gug,1245,1245,1245,annotB,-1,-1,orig,CAMB,3,3
gug,gug,1245,1245,1245,annotB,-1,-1,orig,NMT,3,2
gug,gug,1245,1245,1245,annotB,-1,-1,orig,AMU,3,3
gug,gug,1245,1245,1245,annotB,-1,-1,turk,CAMB,1,3
gug,gug,1245,1245,1245,annotB,-1,-1,turk,NMT,1,2
gug,gug,1245,1245,1245,annotB,-1,-1,turk,AMU,1,3
gug,gug,1245,1245,1245,annotB,-1,-1,CAMB,NMT,3,2
gug,gug,1245,1245,1245,annotB,-1,-1,CAMB,AMU,3,3
gug,gug,1245,1245,1245,annotB,-1,-1,NMT,AMU,2,3
gug,gug,908,908,908,annotB,-1,-1,turk,CAMB,1,3
gug,gug,908,908,908,annotB,-1,-1,turk,AMU,1,3
gug,gug,908,908,908,annotB,-1,-1,turk,NMT,1,2
gug,gug,908,908,908,annotB,-1,-1,turk,orig,1,5
gug,gug,908,908,908,annotB,-1,-1,CAMB,AMU,3,3
gug,gug,908,908,908,annotB,-1,-1,CAMB,NMT,3,2
gug,gug,908,908,908,annotB,-1,-1,CAMB,orig,3,5
gug,gug,908,908,908,annotB,-1,-1,AMU,NMT,3,2
gug,gug,908,908,908,annotB,-1,-1,AMU,orig,3,5
gug,gug,908,908,908,annotB,-1,-1,NMT,orig,2,5
gug,gug,945,945,945,annotB,-1,-1,AMU,orig,2,2
gug,gug,945,945,945,annotB,-1,-1,AMU,turk,2,2
gug,gug,945,945,945,annotB,-1,-1,AMU,NMT,2,2
gug,gug,945,945,945,annotB,-1,-1,AMU,CAMB,2,1
gug,gug,945,945,945,annotB,-1,-1,orig,turk,2,2
gug,gug,945,945,945,annotB,-1,-1,orig,NMT,2,2
gug,gug,945,945,945,annotB,-1,-1,orig,CAMB,2,1
gug,gug,945,945,945,annotB,-1,-1,turk,NMT,2,2
gug,gug,945,945,945,annotB,-1,-1,turk,CAMB,2,1
gug,gug,945,945,945,annotB,-1,-1,NMT,CAMB,2,1
gug,gug,174,174,174,annotB,-1,-1,NMT,turk,2,1
gug,gug,174,174,174,annotB,-1,-1,NMT,orig,2,5
gug,gug,174,174,174,annotB,-1,-1,NMT,CAMB,2,4
gug,gug,174,174,174,annotB,-1,-1,NMT,AMU,2,3
gug,gug,174,174,174,annotB,-1,-1,turk,orig,1,5
gug,gug,174,174,174,annotB,-1,-1,turk,CAMB,1,4
gug,gug,174,174,174,annotB,-1,-1,turk,AMU,1,3
gug,gug,174,174,174,annotB,-1,-1,orig,CAMB,5,4
gug,gug,174,174,174,annotB,-1,-1,orig,AMU,5,3
gug,gug,174,174,174,annotB,-1,-1,CAMB,AMU,4,3
gug,gug,2925,2925,2925,annotB,-1,-1,NMT,CAMB,1,5
gug,gug,2925,2925,2925,annotB,-1,-1,NMT,orig,1,5
gug,gug,2925,2925,2925,annotB,-1,-1,NMT,turk,1,5
gug,gug,2925,2925,2925,annotB,-1,-1,NMT,AMU,1,4
gug,gug,2925,2925,2925,annotB,-1,-1,CAMB,orig,5,5
gug,gug,2925,2925,2925,annotB,-1,-1,CAMB,turk,5,5
gug,gug,2925,2925,2925,annotB,-1,-1,CAMB,AMU,5,4
gug,gug,2925,2925,2925,annotB,-1,-1,orig,turk,5,5
gug,gug,2925,2925,2925,annotB,-1,-1,orig,AMU,5,4
gug,gug,2925,2925,2925,annotB,-1,-1,turk,AMU,5,4
gug,gug,2187,2187,2187,annotB,-1,-1,orig,turk,4,1
gug,gug,2187,2187,2187,annotB,-1,-1,orig,NMT,4,1
gug,gug,2187,2187,2187,annotB,-1,-1,orig,CAMB,4,1
gug,gug,2187,2187,2187,annotB,-1,-1,orig,AMU,4,1
gug,gug,2187,2187,2187,annotB,-1,-1,turk,NMT,1,1
gug,gug,2187,2187,2187,annotB,-1,-1,turk,CAMB,1,1
gug,gug,2187,2187,2187,annotB,-1,-1,turk,AMU,1,1
gug,gug,2187,2187,2187,annotB,-1,-1,NMT,CAMB,1,1
gug,gug,2187,2187,2187,annotB,-1,-1,NMT,AMU,1,1
gug,gug,2187,2187,2187,annotB,-1,-1,CAMB,AMU,1,1
gug,gug,1265,1265,1265,annotB,-1,-1,AMU,CAMB,1,4
gug,gug,1265,1265,1265,annotB,-1,-1,AMU,turk,1,1
gug,gug,1265,1265,1265,annotB,-1,-1,AMU,NMT,1,5
gug,gug,1265,1265,1265,annotB,-1,-1,AMU,orig,1,3
gug,gug,1265,1265,1265,annotB,-1,-1,CAMB,turk,4,1
gug,gug,1265,1265,1265,annotB,-1,-1,CAMB,NMT,4,5
gug,gug,1265,1265,1265,annotB,-1,-1,CAMB,orig,4,3
gug,gug,1265,1265,1265,annotB,-1,-1,turk,NMT,1,5
gug,gug,1265,1265,1265,annotB,-1,-1,turk,orig,1,3
gug,gug,1265,1265,1265,annotB,-1,-1,NMT,orig,5,3
gug,gug,555,555,555,annotB,-1,-1,CAMB,NMT,2,3
gug,gug,555,555,555,annotB,-1,-1,CAMB,turk,2,1
gug,gug,555,555,555,annotB,-1,-1,CAMB,orig,2,5
gug,gug,555,555,555,annotB,-1,-1,CAMB,AMU,2,4
gug,gug,555,555,555,annotB,-1,-1,NMT,turk,3,1
gug,gug,555,555,555,annotB,-1,-1,NMT,orig,3,5
gug,gug,555,555,555,annotB,-1,-1,NMT,AMU,3,4
gug,gug,555,555,555,annotB,-1,-1,turk,orig,1,5
gug,gug,555,555,555,annotB,-1,-1,turk,AMU,1,4
gug,gug,555,555,555,annotB,-1,-1,orig,AMU,5,4
gug,gug,2455,2455,2455,annotB,-1,-1,CAMB,AMU,1,2
gug,gug,2455,2455,2455,annotB,-1,-1,CAMB,turk,1,2
gug,gug,2455,2455,2455,annotB,-1,-1,CAMB,orig,1,2
gug,gug,2455,2455,2455,annotB,-1,-1,CAMB,NMT,1,1
gug,gug,2455,2455,2455,annotB,-1,-1,AMU,turk,2,2
gug,gug,2455,2455,2455,annotB,-1,-1,AMU,orig,2,2
gug,gug,2455,2455,2455,annotB,-1,-1,AMU,NMT,2,1
gug,gug,2455,2455,2455,annotB,-1,-1,turk,orig,2,2
gug,gug,2455,2455,2455,annotB,-1,-1,turk,NMT,2,1
gug,gug,2455,2455,2455,annotB,-1,-1,orig,NMT,2,1
gug,gug,1019,1019,1019,annotB,-1,-1,CAMB,AMU,1,1
gug,gug,1019,1019,1019,annotB,-1,-1,CAMB,NMT,1,1
gug,gug,1019,1019,1019,annotB,-1,-1,CAMB,orig,1,1
gug,gug,1019,1019,1019,annotB,-1,-1,CAMB,turk,1,2
gug,gug,1019,1019,1019,annotB,-1,-1,AMU,NMT,1,1
gug,gug,1019,1019,1019,annotB,-1,-1,AMU,orig,1,1
gug,gug,1019,1019,1019,annotB,-1,-1,AMU,turk,1,2
gug,gug,1019,1019,1019,annotB,-1,-1,NMT,orig,1,1
gug,gug,1019,1019,1019,annotB,-1,-1,NMT,turk,1,2
gug,gug,1019,1019,1019,annotB,-1,-1,orig,turk,1,2
gug,gug,414,414,414,annotB,-1,-1,orig,NMT,2,2
gug,gug,414,414,414,annotB,-1,-1,orig,AMU,2,2
gug,gug,414,414,414,annotB,-1,-1,orig,turk,2,1
gug,gug,414,414,414,annotB,-1,-1,orig,CAMB,2,3
gug,gug,414,414,414,annotB,-1,-1,NMT,AMU,2,2
gug,gug,414,414,414,annotB,-1,-1,NMT,turk,2,1
gug,gug,414,414,414,annotB,-1,-1,NMT,CAMB,2,3
gug,gug,414,414,414,annotB,-1,-1,AMU,turk,2,1
gug,gug,414,414,414,annotB,-1,-1,AMU,CAMB,2,3
gug,gug,414,414,414,annotB,-1,-1,turk,CAMB,1,3
gug,gug,1923,1923,1923,annotB,-1,-1,NMT,AMU,1,5
gug,gug,1923,1923,1923,annotB,-1,-1,NMT,orig,1,1
gug,gug,1923,1923,1923,annotB,-1,-1,NMT,CAMB,1,1
gug,gug,1923,1923,1923,annotB,-1,-1,NMT,turk,1,1
gug,gug,1923,1923,1923,annotB,-1,-1,AMU,orig,5,1
gug,gug,1923,1923,1923,annotB,-1,-1,AMU,CAMB,5,1
gug,gug,1923,1923,1923,annotB,-1,-1,AMU,turk,5,1
gug,gug,1923,1923,1923,annotB,-1,-1,orig,CAMB,1,1
gug,gug,1923,1923,1923,annotB,-1,-1,orig,turk,1,1
gug,gug,1923,1923,1923,annotB,-1,-1,CAMB,turk,1,1
gug,gug,774,774,774,annotB,-1,-1,NMT,CAMB,2,2
gug,gug,774,774,774,annotB,-1,-1,NMT,turk,2,1
gug,gug,774,774,774,annotB,-1,-1,NMT,orig,2,2
gug,gug,774,774,774,annotB,-1,-1,NMT,AMU,2,1
gug,gug,774,774,774,annotB,-1,-1,CAMB,turk,2,1
gug,gug,774,774,774,annotB,-1,-1,CAMB,orig,2,2
gug,gug,774,774,774,annotB,-1,-1,CAMB,AMU,2,1
gug,gug,774,774,774,annotB,-1,-1,turk,orig,1,2
gug,gug,774,774,774,annotB,-1,-1,turk,AMU,1,1
gug,gug,774,774,774,annotB,-1,-1,orig,AMU,2,1
gug,gug,1774,1774,1774,annotB,-1,-1,orig,CAMB,3,2
gug,gug,1774,1774,1774,annotB,-1,-1,orig,NMT,3,2
gug,gug,1774,1774,1774,annotB,-1,-1,orig,AMU,3,2
gug,gug,1774,1774,1774,annotB,-1,-1,orig,turk,3,1
gug,gug,1774,1774,1774,annotB,-1,-1,CAMB,NMT,2,2
gug,gug,1774,1774,1774,annotB,-1,-1,CAMB,AMU,2,2
gug,gug,1774,1774,1774,annotB,-1,-1,CAMB,turk,2,1
gug,gug,1774,1774,1774,annotB,-1,-1,NMT,AMU,2,2
gug,gug,1774,1774,1774,annotB,-1,-1,NMT,turk,2,1
gug,gug,1774,1774,1774,annotB,-1,-1,AMU,turk,2,1
gug,gug,2364,2364,2364,annotB,-1,-1,AMU,turk,5,2
gug,gug,2364,2364,2364,annotB,-1,-1,AMU,orig,5,5
gug,gug,2364,2364,2364,annotB,-1,-1,AMU,CAMB,5,3
gug,gug,2364,2364,2364,annotB,-1,-1,AMU,NMT,5,1
gug,gug,2364,2364,2364,annotB,-1,-1,turk,orig,2,5
gug,gug,2364,2364,2364,annotB,-1,-1,turk,CAMB,2,3
gug,gug,2364,2364,2364,annotB,-1,-1,turk,NMT,2,1
gug,gug,2364,2364,2364,annotB,-1,-1,orig,CAMB,5,3
gug,gug,2364,2364,2364,annotB,-1,-1,orig,NMT,5,1
gug,gug,2364,2364,2364,annotB,-1,-1,CAMB,NMT,3,1
gug,gug,491,491,491,annotB,-1,-1,AMU,NMT,1,1
gug,gug,491,491,491,annotB,-1,-1,AMU,turk,1,1
gug,gug,491,491,491,annotB,-1,-1,AMU,orig,1,1
gug,gug,491,491,491,annotB,-1,-1,AMU,CAMB,1,1
gug,gug,491,491,491,annotB,-1,-1,NMT,turk,1,1
gug,gug,491,491,491,annotB,-1,-1,NMT,orig,1,1
gug,gug,491,491,491,annotB,-1,-1,NMT,CAMB,1,1
gug,gug,491,491,491,annotB,-1,-1,turk,orig,1,1
gug,gug,491,491,491,annotB,-1,-1,turk,CAMB,1,1
gug,gug,491,491,491,annotB,-1,-1,orig,CAMB,1,1
gug,gug,2277,2277,2277,annotB,-1,-1,CAMB,turk,3,3
gug,gug,2277,2277,2277,annotB,-1,-1,CAMB,AMU,3,1
gug,gug,2277,2277,2277,annotB,-1,-1,CAMB,NMT,3,2
gug,gug,2277,2277,2277,annotB,-1,-1,CAMB,orig,3,2
gug,gug,2277,2277,2277,annotB,-1,-1,turk,AMU,3,1
gug,gug,2277,2277,2277,annotB,-1,-1,turk,NMT,3,2
gug,gug,2277,2277,2277,annotB,-1,-1,turk,orig,3,2
gug,gug,2277,2277,2277,annotB,-1,-1,AMU,NMT,1,2
gug,gug,2277,2277,2277,annotB,-1,-1,AMU,orig,1,2
gug,gug,2277,2277,2277,annotB,-1,-1,NMT,orig,2,2
gug,gug,1942,1942,1942,annotB,-1,-1,CAMB,NUS,1,2
gug,gug,2000,2000,2000,annotB,-1,-1,CAMB,NUS,2,1
gug,gug,979,979,979,annotB,-1,-1,NUS,CAMB,1,2
gug,gug,2570,2570,2570,annotB,-1,-1,orig,NUS,2,1
gug,gug,373,373,373,annotB,-1,-1,NUS,orig,1,2
gug,gug,685,685,685,annotB,-1,-1,NUS,turk,1,1
gug,gug,181,181,181,annotB,-1,-1,NUS,turk,1,2
gug,gug,555,555,555,annotB,-1,-1,NUS,CAMB,1,1
gug,gug,2,2,2,annotB,-1,-1,NUS,NMT,2,1
gug,gug,2237,2237,2237,annotB,-1,-1,CAMB,NUS,2,1
gug,gug,3108,3108,3108,annotB,-1,-1,turk,NUS,1,2
gug,gug,22,22,22,annotB,-1,-1,NUS,CAMB,1,1
gug,gug,536,536,536,annotB,-1,-1,NUS,orig,1,1
gug,gug,1234,1234,1234,annotB,-1,-1,NUS,NMT,2,1
gug,gug,3031,3031,3031,annotB,-1,-1,orig,NUS,2,1
gug,gug,776,776,776,annotB,-1,-1,NUS,CAMB,2,1
gug,gug,1967,1967,1967,annotB,-1,-1,NMT,NUS,2,1
gug,gug,2925,2925,2925,annotB,-1,-1,NMT,NUS,1,2
gug,gug,257,257,257,annotB,-1,-1,NUS,turk,2,1
gug,gug,1672,1672,1672,annotB,-1,-1,orig,NUS,2,1
gug,gug,230,230,230,annotB,-1,-1,NUS,orig,1,1
gug,gug,3082,3082,3082,annotB,-1,-1,NMT,NUS,2,1
gug,gug,1078,1078,1078,annotB,-1,-1,NUS,turk,2,1
gug,gug,655,655,655,annotB,-1,-1,NUS,CAMB,1,1
gug,gug,414,414,414,annotB,-1,-1,NUS,orig,1,2
gug,gug,1828,1828,1828,annotB,-1,-1,turk,NUS,1,2
gug,gug,1951,1951,1951,annotB,-1,-1,orig,NUS,2,1
gug,gug,1130,1130,1130,annotB,-1,-1,NUS,orig,1,2
gug,gug,60,60,60,annotB,-1,-1,NUS,AMU,2,1
gug,gug,1774,1774,1774,annotB,-1,-1,orig,NUS,2,1
gug,gug,222,222,222,annotB,-1,-1,NUS,CAMB,2,1
gug,gug,1971,1971,1971,annotB,-1,-1,turk,NUS,1,1
gug,gug,692,692,692,annotB,-1,-1,NUS,AMU,1,2
gug,gug,734,734,734,annotB,-1,-1,NUS,orig,1,1
gug,gug,774,774,774,annotB,-1,-1,NUS,NMT,1,2
gug,gug,2187,2187,2187,annotB,-1,-1,orig,NUS,1,1
gug,gug,1504,1504,1504,annotB,-1,-1,NUS,orig,1,1
gug,gug,491,491,491,annotB,-1,-1,NUS,AMU,1,1
gug,gug,3008,3008,3008,annotB,-1,-1,AMU,NUS,2,1
gug,gug,2120,2120,2120,annotB,-1,-1,CAMB,NUS,1,2
gug,gug,3012,3012,3012,annotB,-1,-1,CAMB,NUS,2,1
gug,gug,1124,1124,1124,annotB,-1,-1,NUS,NMT,2,1
gug,gug,726,726,726,annotB,-1,-1,NUS,orig,1,2
gug,gug,1331,1331,1331,annotB,-1,-1,NUS,turk,2,1
gug,gug,1871,1871,1871,annotB,-1,-1,CAMB,NUS,1,1
gug,gug,2003,2003,2003,annotB,-1,-1,AMU,NUS,1,1
gug,gug,2252,2252,2252,annotB,-1,-1,NMT,NUS,1,2
gug,gug,669,669,669,annotB,-1,-1,NUS,orig,2,1
gug,gug,2899,2899,2899,annotB,-1,-1,orig,NUS,1,1
gug,gug,361,361,361,annotB,-1,-1,NUS,turk,1,2
gug,gug,2115,2115,2115,annotB,-1,-1,AMU,NUS,1,1
gug,gug,2518,2518,2518,annotB,-1,-1,AMU,NUS,1,1
gug,gug,1372,1372,1372,annotB,-1,-1,NUS,CAMB,1,2
gug,gug,1226,1226,1226,annotB,-1,-1,NUS,NMT,1,2
gug,gug,2607,2607,2607,annotB,-1,-1,AMU,NUS,1,2
gug,gug,2364,2364,2364,annotB,-1,-1,AMU,NUS,1,1
gug,gug,819,819,819,annotB,-1,-1,NUS,AMU,2,1
gug,gug,173,173,173,annotB,-1,-1,NUS,turk,2,1
gug,gug,2370,2370,2370,annotB,-1,-1,AMU,NUS,1,1
gug,gug,1418,1418,1418,annotB,-1,-1,NUS,CAMB,2,1
gug,gug,682,682,682,annotB,-1,-1,NUS,AMU,1,2
gug,gug,2877,2877,2877,annotB,-1,-1,CAMB,NUS,1,2
gug,gug,1946,1946,1946,annotB,-1,-1,NMT,NUS,1,2
gug,gug,1025,1025,1025,annotB,-1,-1,NUS,CAMB,1,1
gug,gug,1220,1220,1220,annotB,-1,-1,NUS,CAMB,1,2
gug,gug,1390,1390,1390,annotB,-1,-1,NUS,CAMB,1,2
gug,gug,650,650,650,annotB,-1,-1,NUS,turk,1,2
gug,gug,1654,1654,1654,annotB,-1,-1,NMT,NUS,1,1
gug,gug,3084,3084,3084,annotB,-1,-1,orig,NUS,1,2
gug,gug,2616,2616,2616,annotB,-1,-1,NMT,NUS,1,2
gug,gug,352,352,352,annotB,-1,-1,NUS,turk,2,1
gug,gug,216,216,216,annotB,-1,-1,NUS,NMT,1,1
gug,gug,2605,2605,2605,annotB,-1,-1,CAMB,NUS,1,1
gug,gug,749,749,749,annotB,-1,-1,NUS,NMT,2,1
gug,gug,2615,2615,2615,annotB,-1,-1,orig,NUS,1,1
gug,gug,2196,2196,2196,annotB,-1,-1,turk,NUS,1,2
gug,gug,2625,2625,2625,annotB,-1,-1,CAMB,NUS,1,1
gug,gug,1639,1639,1639,annotB,-1,-1,turk,NUS,1,2
gug,gug,2065,2065,2065,annotB,-1,-1,NMT,NUS,2,1
gug,gug,2691,2691,2691,annotB,-1,-1,orig,NUS,2,1
gug,gug,476,476,476,annotB,-1,-1,NUS,AMU,1,2
gug,gug,329,329,329,annotB,-1,-1,NUS,turk,2,1
gug,gug,2535,2535,2535,annotB,-1,-1,turk,NUS,1,1
gug,gug,272,272,272,annotB,-1,-1,NUS,CAMB,1,1
gug,gug,2664,2664,2664,annotB,-1,-1,turk,NUS,1,1
gug,gug,139,139,139,annotB,-1,-1,NUS,orig,2,1
gug,gug,1571,1571,1571,annotB,-1,-1,orig,NUS,1,1
gug,gug,1019,1019,1019,annotB,-1,-1,NUS,CAMB,1,1
gug,gug,2042,2042,2042,annotB,-1,-1,orig,NUS,2,1
gug,gug,61,61,61,annotB,-1,-1,NUS,turk,1,2
gug,gug,170,170,170,annotB,-1,-1,NUS,orig,1,2
gug,gug,2277,2277,2277,annotB,-1,-1,CAMB,NUS,1,1
gug,gug,1925,1925,1925,annotB,-1,-1,orig,NUS,1,1
gug,gug,213,213,213,annotB,-1,-1,NUS,CAMB,1,1
gug,gug,1574,1574,1574,annotB,-1,-1,CAMB,NUS,1,1
gug,gug,2911,2911,2911,annotB,-1,-1,orig,NUS,1,1
gug,gug,765,765,765,annotB,-1,-1,NUS,CAMB,1,2
gug,gug,1540,1540,1540,annotB,-1,-1,CAMB,NUS,1,1
gug,gug,79,79,79,annotB,-1,-1,NUS,NMT,1,2
gug,gug,965,965,965,annotB,-1,-1,NUS,AMU,2,1